,x,y
0,-5.0,100.0
1,-4.96875,100.0
2,-4.96875,100.0
3,-4.9375,100.0
4,-4.90625,100.0
5,-4.90625,100.0
6,-4.875,100.0
7,-4.875,100.0
8,-4.84375,100.0
9,-4.8125,100.0
10,-4.8125,100.0
11,-4.78125,100.0
12,-4.75,100.0
13,-4.75,100.0
14,-4.71875,100.0
15,-4.71875,100.0
16,-4.6875,100.0
17,-4.65625,100.0
18,-4.65625,100.0
19,-4.625,100.0
20,-4.59375,100.0
21,-4.59375,100.0
22,-4.5625,100.0
23,-4.5625,100.0
24,-4.53125,100.0
25,-4.5,100.0
26,-4.5,100.0
27,-4.46875,100.0
28,-4.4375,100.0
29,-4.4375,100.0
30,-4.40625,100.0
31,-4.40625,100.0
32,-4.375,100.0
33,-4.34375,100.0
34,-4.34375,100.0
35,-4.3125,100.0
36,-4.28125,100.0
37,-4.28125,100.0
38,-4.25,100.0
39,-4.25,100.0
40,-4.21875,100.0
41,-4.1875,100.0
42,-4.1875,100.0
43,-4.15625,100.0
44,-4.125,100.0
45,-4.125,100.0
46,-4.09375,100.0
47,-4.09375,100.0
48,-4.0625,100.0
49,-4.03125,100.0
50,-4.03125,100.0
51,-4.0,100.0
52,-3.984375,18.125
53,-3.96875,16.625
54,-3.9375,14.25
55,-3.921875,12.8125
56,-3.90625,11.375
57,-3.890625,10.0
58,-3.859375,7.96875
59,-3.84375,6.6875
60,-3.828125,5.40625
61,-3.8125,4.15625
62,-3.78125,1.734375
63,-3.765625,0.5703125
64,-3.75,-0.0
65,-3.734375,18.0
66,-3.703125,15.4375
67,-3.6875,14.1875
68,-3.671875,12.875
69,-3.65625,11.125
70,-3.625,8.8125
71,-3.609375,7.71875
72,-3.59375,6.59375
73,-3.578125,5.53125
74,-3.546875,3.4375
75,-3.53125,1.9375
76,-3.515625,0.96484375
77,-3.5,-0.0
78,-3.46875,15.8125
79,-3.453125,14.75
80,-3.4375,13.6875
81,-3.421875,12.1875
82,-3.390625,10.125
83,-3.375,8.75
84,-3.359375,7.8125
85,-3.34375,6.40625
86,-3.3125,4.625
87,-3.296875,3.3125
88,-3.28125,2.46875
89,-3.265625,1.21875
90,-3.234375,16.25
91,-3.21875,14.9375
92,-3.203125,14.0625
93,-3.1875,13.1875
94,-3.15625,10.625
95,-3.140625,9.75
96,-3.125,8.125
97,-3.109375,7.375
98,-3.078125,5.03125
99,-3.0625,4.3125
100,-3.046875,2.8125
101,-3.03125,2.09375
102,-3.0,-0.0
103,-2.984375,14.9375
104,-2.96875,13.375
105,-2.9375,11.9375
106,-2.921875,10.4375
107,-2.90625,9.6875
108,-2.890625,8.375
109,-2.859375,6.3125
110,-2.84375,5.625
111,-2.828125,4.3125
112,-2.8125,3.6875
113,-2.78125,1.8046875
114,-2.765625,0.59375
115,-2.75,-0.0
116,-2.734375,13.5
117,-2.703125,11.5
118,-2.6875,10.8125
119,-2.671875,9.625
120,-2.65625,9.0
121,-2.625,6.59375
122,-2.609375,6.0
123,-2.59375,4.84375
124,-2.578125,4.3125
125,-2.546875,2.65625
126,-2.53125,1.578125
127,-2.515625,0.51953125
128,-2.5,-0.0
129,-2.46875,11.1875
130,-2.453125,10.0625
131,-2.4375,8.9375
132,-2.421875,8.375
133,-2.390625,6.84375
134,-2.375,5.78125
135,-2.359375,4.78125
136,-2.34375,4.3125
137,-2.3125,2.8125
138,-2.296875,1.859375
139,-2.28125,0.921875
140,-2.265625,0.45703125
141,-2.234375,10.375
142,-2.21875,9.4375
143,-2.203125,8.9375
144,-2.1875,7.96875
145,-2.15625,6.53125
146,-2.140625,5.625
147,-2.125,5.1875
148,-2.109375,4.28125
149,-2.078125,2.953125
150,-2.0625,2.53125
151,-2.046875,1.671875
152,-2.03125,1.2421875
153,-2.0,-0.0
154,-1.984375,-0.8125
155,-1.96875,-1.2109375
156,-1.9453125,-2.0
157,-1.9296875,1.6015625
158,-1.90625,0.79296875
159,-1.890625,0.39453125
160,-1.8671875,-0.390625
161,-1.8515625,-1.1640625
162,-1.828125,-1.9296875
163,-1.8125,2.3125
164,-1.7890625,1.5234375
165,-1.7734375,0.7578125
166,-1.75,-0.0
167,-1.734375,-0.0
168,-1.7109375,-0.74609375
169,-1.6953125,-1.484375
170,-1.671875,0.7421875
171,-1.65625,-0.0
172,-1.6328125,-0.73046875
173,-1.6171875,-0.73046875
174,-1.59375,-1.4453125
175,-1.578125,-1.4453125
176,-1.5546875,0.71875
177,-1.5390625,0.71875
178,-1.515625,-0.0
179,-1.5,-0.0
180,-1.4765625,-0.70703125
181,-1.4609375,-0.70703125
182,-1.4375,-0.70703125
183,-1.421875,0.70703125
184,-1.3984375,-0.0
185,-1.3828125,-0.0
186,-1.359375,-0.0
187,-1.34375,-0.0
188,-1.3203125,-0.0
189,-1.3046875,-0.69921875
190,-1.28125,-0.69921875
191,-1.265625,-0.69921875
192,-1.2421875,-0.0
193,-1.2265625,-0.0
194,-1.203125,-0.0
195,-1.1875,-0.0
196,-1.1640625,-0.703125
197,-1.1484375,-0.703125
198,-1.125,-0.0
199,-1.109375,-0.0
200,-1.0859375,0.71484375
201,-1.0703125,0.71484375
202,-1.046875,-0.71875
203,-1.03125,-0.71875
204,-1.0078125,-0.0
205,-0.98828125,0.73046875
206,-0.96875,1.46875
207,-0.94921875,-0.734375
208,-0.9296875,-0.0
209,-0.91015625,0.74609375
210,-0.890625,-0.75
211,-0.87109375,-0.0
212,-0.8515625,1.5390625
213,-0.83203125,-1.1640625
214,-0.8125,-0.390625
215,-0.79296875,0.79296875
216,-0.7734375,-1.6015625
217,-0.75390625,-0.40625
218,-0.734375,0.81640625
219,-0.71484375,-2.09375
220,-0.6953125,-0.84375
221,-0.67578125,0.859375
222,-0.65625,-2.609375
223,-0.63671875,-0.88671875
224,-0.6171875,1.3515625
225,-0.59765625,3.21875
226,-0.578125,-1.8828125
227,-0.55859375,0.48242188
228,-0.5390625,2.953125
229,-0.51953125,-2.53125
230,-0.49804688,-0.0
231,-0.47851562,-1.0703125
232,-0.45898438,1.6484375
233,-0.43945312,-0.0
234,-0.41992188,-2.34375
235,-0.40039062,1.828125
236,-0.38085938,-0.6328125
237,-0.36132812,3.296875
238,-0.34179688,0.69140625
239,-0.32226562,-2.875
240,-0.30273438,2.265625
241,-0.28320312,-0.40234375
242,-0.26367188,-4.6875
243,-0.24414062,1.8203125
244,-0.22460938,-1.96875
245,-0.20507812,-1.0546875
246,-0.18554688,1.1640625
247,-0.16601562,3.203125
248,-0.14648438,-3.59375
249,-0.12695312,-1.6328125
250,-0.107421875,1.9296875
251,-0.087890625,-2.328125
252,-0.068359375,2.96875
253,-0.048828125,-3.59375
254,-0.029296875,-0.0
255,-0.009765625,0.0
256,0.009765625,0.0
257,0.029296875,0.0
258,0.048828125,-4.40625
259,0.068359375,2.0625
260,0.087890625,-2.65625
261,0.107421875,1.71875
262,0.12695312,-1.4453125
263,0.14648438,-4.34375
264,0.16601562,3.8125
265,0.18554688,0.96484375
266,0.20507812,-0.8671875
267,0.22460938,-3.125
268,0.24414062,2.859375
269,0.26367188,-5.875
270,0.28320312,-0.60546875
271,0.30273438,3.9375
272,0.32226562,-3.15625
273,0.34179688,0.48828125
274,0.36132812,4.59375
275,0.38085938,-1.71875
276,0.40039062,1.625
277,0.41992188,-3.859375
278,0.43945312,-0.73046875
279,0.45898438,2.09375
280,0.47851562,-2.65625
281,0.49804688,0.0
282,0.51953125,-4.78125
283,0.5390625,5.1875
284,0.55859375,0.55078125
285,0.578125,-3.6875
286,0.59765625,6.09375
287,0.6171875,1.953125
288,0.63671875,-1.8828125
289,0.65625,-5.40625
290,0.67578125,2.1875
291,0.6953125,-1.6875
292,0.71484375,-4.875
293,0.734375,2.375
294,0.75390625,-0.76171875
295,0.7734375,-3.71875
296,0.79296875,2.859375
297,0.8125,0.0
298,0.83203125,-2.703125
299,0.8515625,3.265625
300,0.87109375,0.63671875
301,0.890625,-2.46875
302,0.91015625,3.609375
303,0.9296875,0.5859375
304,0.94921875,-1.7109375
305,0.96875,3.875
306,0.98828125,1.6328125
307,1.0078125,-1.0546875
308,1.03125,-4.09375
309,1.046875,-5.5625
310,1.0703125,6.40625
311,1.0859375,4.3125
312,1.109375,1.40625
313,1.125,0.0
314,1.1484375,-2.6875
315,1.1640625,-4.40625
316,1.1875,6.875
317,1.203125,5.0625
318,1.2265625,2.46875
319,1.2421875,0.8125
320,1.265625,-1.5859375
321,1.28125,-2.734375
322,1.3046875,-4.96875
323,1.3203125,5.28125
324,1.34375,2.9375
325,1.359375,1.4453125
326,1.3828125,-1.40625
327,1.3984375,-2.78125
328,1.421875,-4.75
329,1.4375,5.375
330,1.4609375,3.296875
331,1.4765625,1.953125
332,1.5,0.0
333,1.515625,-1.2578125
334,1.5390625,-3.09375
335,1.5546875,-4.28125
336,1.578125,4.1875
337,1.59375,2.359375
338,1.6171875,0.578125
339,1.6328125,-0.5703125
340,1.65625,-2.25
341,1.671875,-3.34375
342,1.6953125,4.375
343,1.7109375,3.25
344,1.734375,1.0546875
345,1.75,0.0
346,1.7734375,-1.546875
347,1.7890625,-2.546875
348,1.8125,-4.03125
349,1.828125,2.96875
350,1.8515625,1.46875
351,1.8671875,0.48242188
352,1.890625,-0.953125
353,1.90625,-1.890625
354,1.9296875,-3.71875
355,1.9453125,3.21875
356,1.96875,1.8046875
357,1.984375,0.8984375
358,2.0,0.0
359,2.03125,-2.171875
360,2.046875,-3.015625
361,2.0625,-3.859375
362,2.078125,-4.65625
363,2.109375,-6.625
364,2.125,-7.4375
365,2.140625,-8.125
366,2.15625,-8.875
367,2.1875,-10.6875
368,2.203125,-11.4375
369,2.21875,-12.125
370,2.234375,-12.8125
371,2.265625,-0.76171875
372,2.28125,-1.515625
373,2.296875,-2.984375
374,2.3125,-3.71875
375,2.34375,-5.09375
376,2.359375,-5.78125
377,2.375,-6.5
378,2.390625,-7.125
379,2.421875,-8.4375
380,2.4375,-9.0625
381,2.453125,-10.375
382,2.46875,-10.9375
383,2.5,0.0
384,2.515625,-0.671875
385,2.53125,-1.328125
386,2.546875,-1.9921875
387,2.578125,-3.265625
388,2.59375,-3.90625
389,2.609375,-5.125
390,2.625,-5.75
391,2.65625,-6.9375
392,2.671875,-7.53125
393,2.6875,-8.0625
394,2.703125,-8.625
395,2.734375,-9.75
396,2.75,0.60546875
397,2.765625,-0.59765625
398,2.78125,-1.1875
399,2.8125,-2.359375
400,2.828125,-2.9375
401,2.84375,-3.484375
402,2.859375,-4.0625
403,2.890625,-5.15625
404,2.90625,-5.6875
405,2.921875,-6.21875
406,2.9375,-7.28125
407,2.96875,-8.3125
408,2.984375,-8.8125
409,3.0,0.0
410,3.03125,-1.078125
411,3.046875,-1.609375
412,3.0625,-2.140625
413,3.078125,-2.65625
414,3.109375,-3.6875
415,3.125,-4.6875
416,3.140625,-5.1875
417,3.15625,-5.65625
418,3.1875,-6.625
419,3.203125,-7.125
420,3.21875,-7.5625
421,3.234375,-8.0625
422,3.265625,-0.49804688
423,3.28125,-0.98828125
424,3.296875,-1.4765625
425,3.3125,-2.4375
426,3.34375,-3.390625
427,3.359375,-3.859375
428,3.375,-4.3125
429,3.390625,-4.75
430,3.421875,-5.65625
431,3.4375,-6.09375
432,3.453125,-6.53125
433,3.46875,-6.96875
434,3.5,0.0
435,3.515625,-0.9140625
436,3.53125,-1.359375
437,3.546875,-1.8046875
438,3.578125,-2.6875
439,3.59375,-3.125
440,3.609375,-3.5625
441,3.625,-3.984375
442,3.65625,-4.84375
443,3.671875,-5.25
444,3.6875,-5.65625
445,3.703125,-6.0625
446,3.734375,-6.875
447,3.75,0.0
448,3.765625,-0.84765625
449,3.78125,-1.265625
450,3.8125,-2.09375
451,3.828125,-2.5
452,3.84375,-2.90625
453,3.859375,-3.296875
454,3.890625,-4.09375
455,3.90625,-4.5
456,3.921875,-4.875
457,3.9375,-5.28125
458,3.96875,-6.03125
459,3.984375,-6.40625
460,4.0,1.9921875
461,4.03125,1.9765625
462,4.03125,1.9765625
463,4.0625,1.5625
464,4.09375,1.546875
465,4.09375,1.546875
466,4.125,1.5390625
467,4.125,1.5390625
468,4.15625,1.5234375
469,4.1875,1.515625
470,4.1875,1.515625
471,4.21875,1.5
472,4.25,1.4921875
473,4.25,1.4921875
474,4.28125,1.484375
475,4.28125,1.484375
476,4.3125,1.46875
477,4.34375,1.4609375
478,4.34375,1.4609375
479,4.375,1.4453125
480,4.40625,1.4375
481,4.40625,1.4375
482,4.4375,1.4296875
483,4.4375,1.4296875
484,4.46875,1.4140625
485,4.5,1.40625
486,4.5,1.40625
487,4.53125,1.3984375
488,4.5625,1.390625
489,4.5625,1.390625
490,4.59375,0.68359375
491,4.59375,0.68359375
492,4.625,0.6796875
493,4.65625,0.67578125
494,4.65625,0.67578125
495,4.6875,0.671875
496,4.71875,0.6640625
497,4.71875,0.6640625
498,4.75,0.6640625
499,4.75,0.6640625
500,4.78125,0.66015625
501,4.8125,0.65234375
502,4.8125,0.65234375
503,4.84375,0.6484375
504,4.875,0.64453125
505,4.875,0.64453125
506,4.90625,0.640625
507,4.90625,0.640625
508,4.9375,0.63671875
509,4.96875,0.6328125
510,4.96875,0.6328125
511,5.0,0.62890625
