model,modality,value,function_name,patch_attention,patch_ffn,attn_fn,ffn_fn,attn_exp_dim,attn_max_exp,attn_min_exp,attn_window_size,attn_lut_build,ffn_exp_dim,ffn_max_pos_exp,ffn_window_size,attn_segments,attn_segment_0,ffn_segments,ffn_segment_0,attn_degree_center,attn_degrees
google/vivit-b-16x2,video,1.77392578125,torch,True,False,CustomSoftmax,CustomFastGelu,,,,,,,,,,,,,,
google/vivit-b-16x2,video,,vlp,True,False,VLPSoftmax,CustomFastGelu,8.0,-4.0,-4.0,256.0,max,,,,,,,,,
google/vivit-b-16x2,video,,vlp,True,False,VLPSoftmax,CustomFastGelu,8.0,-3.0,-4.0,256.0,max,,,,,,,,,
google/vivit-b-16x2,video,,vlp,True,False,VLPSoftmax,CustomFastGelu,8.0,-2.0,-4.0,256.0,max,,,,,,,,,
google/vivit-b-16x2,video,,vlp,True,False,VLPSoftmax,CustomFastGelu,8.0,-1.0,-4.0,256.0,max,,,,,,,,,
google/vivit-b-16x2,video,3.375,vlp,True,False,VLPSoftmax,CustomFastGelu,8.0,0.0,-4.0,256.0,max,,,,,,,,,
google/vivit-b-16x2,video,2.00390625,vlp,True,False,VLPSoftmax,CustomFastGelu,8.0,1.0,-4.0,256.0,max,,,,,,,,,
google/vivit-b-16x2,video,1.759765625,vlp,True,False,VLPSoftmax,CustomFastGelu,8.0,2.0,-4.0,256.0,max,,,,,,,,,
google/vivit-b-16x2,video,1.77197265625,vlp,True,False,VLPSoftmax,CustomFastGelu,8.0,3.0,-4.0,256.0,max,,,,,,,,,
google/vivit-b-16x2,video,1.7724609375,vlp,True,False,VLPSoftmax,CustomFastGelu,8.0,4.0,-4.0,256.0,max,,,,,,,,,
google/vivit-b-16x2,video,,vlp,True,False,VLPSoftmax,CustomFastGelu,9.0,-4.0,-4.0,256.0,max,,,,,,,,,
google/vivit-b-16x2,video,,vlp,True,False,VLPSoftmax,CustomFastGelu,9.0,-3.0,-4.0,256.0,max,,,,,,,,,
google/vivit-b-16x2,video,,vlp,True,False,VLPSoftmax,CustomFastGelu,9.0,-2.0,-4.0,256.0,max,,,,,,,,,
google/vivit-b-16x2,video,,vlp,True,False,VLPSoftmax,CustomFastGelu,9.0,-1.0,-4.0,256.0,max,,,,,,,,,
google/vivit-b-16x2,video,3.375,vlp,True,False,VLPSoftmax,CustomFastGelu,9.0,0.0,-4.0,256.0,max,,,,,,,,,
google/vivit-b-16x2,video,2.00390625,vlp,True,False,VLPSoftmax,CustomFastGelu,9.0,1.0,-4.0,256.0,max,,,,,,,,,
google/vivit-b-16x2,video,1.759765625,vlp,True,False,VLPSoftmax,CustomFastGelu,9.0,2.0,-4.0,256.0,max,,,,,,,,,
google/vivit-b-16x2,video,1.77197265625,vlp,True,False,VLPSoftmax,CustomFastGelu,9.0,3.0,-4.0,256.0,max,,,,,,,,,
google/vivit-b-16x2,video,1.7724609375,vlp,True,False,VLPSoftmax,CustomFastGelu,9.0,4.0,-4.0,256.0,max,,,,,,,,,
google/vivit-b-16x2,video,,vlp,True,False,VLPSoftmax,CustomFastGelu,10.0,-4.0,-4.0,256.0,max,,,,,,,,,
google/vivit-b-16x2,video,,vlp,True,False,VLPSoftmax,CustomFastGelu,10.0,-3.0,-4.0,256.0,max,,,,,,,,,
google/vivit-b-16x2,video,,vlp,True,False,VLPSoftmax,CustomFastGelu,10.0,-2.0,-4.0,256.0,max,,,,,,,,,
google/vivit-b-16x2,video,,vlp,True,False,VLPSoftmax,CustomFastGelu,10.0,-1.0,-4.0,256.0,max,,,,,,,,,
google/vivit-b-16x2,video,3.375,vlp,True,False,VLPSoftmax,CustomFastGelu,10.0,0.0,-4.0,256.0,max,,,,,,,,,
google/vivit-b-16x2,video,2.00390625,vlp,True,False,VLPSoftmax,CustomFastGelu,10.0,1.0,-4.0,256.0,max,,,,,,,,,
google/vivit-b-16x2,video,1.759765625,vlp,True,False,VLPSoftmax,CustomFastGelu,10.0,2.0,-4.0,256.0,max,,,,,,,,,
google/vivit-b-16x2,video,1.77197265625,vlp,True,False,VLPSoftmax,CustomFastGelu,10.0,3.0,-4.0,256.0,max,,,,,,,,,
google/vivit-b-16x2,video,1.7724609375,vlp,True,False,VLPSoftmax,CustomFastGelu,10.0,4.0,-4.0,256.0,max,,,,,,,,,
google/vivit-b-16x2,video,,vlp,True,False,VLPSoftmax,CustomFastGelu,11.0,-4.0,-4.0,256.0,max,,,,,,,,,
google/vivit-b-16x2,video,,vlp,True,False,VLPSoftmax,CustomFastGelu,11.0,-3.0,-4.0,256.0,max,,,,,,,,,
google/vivit-b-16x2,video,,vlp,True,False,VLPSoftmax,CustomFastGelu,11.0,-2.0,-4.0,256.0,max,,,,,,,,,
google/vivit-b-16x2,video,,vlp,True,False,VLPSoftmax,CustomFastGelu,11.0,-1.0,-4.0,256.0,max,,,,,,,,,
google/vivit-b-16x2,video,3.375,vlp,True,False,VLPSoftmax,CustomFastGelu,11.0,0.0,-4.0,256.0,max,,,,,,,,,
google/vivit-b-16x2,video,2.00390625,vlp,True,False,VLPSoftmax,CustomFastGelu,11.0,1.0,-4.0,256.0,max,,,,,,,,,
google/vivit-b-16x2,video,1.759765625,vlp,True,False,VLPSoftmax,CustomFastGelu,11.0,2.0,-4.0,256.0,max,,,,,,,,,
google/vivit-b-16x2,video,1.77197265625,vlp,True,False,VLPSoftmax,CustomFastGelu,11.0,3.0,-4.0,256.0,max,,,,,,,,,
google/vivit-b-16x2,video,1.7724609375,vlp,True,False,VLPSoftmax,CustomFastGelu,11.0,4.0,-4.0,256.0,max,,,,,,,,,
google/vivit-b-16x2,video,,vlp,True,False,VLPSoftmax,CustomFastGelu,12.0,-4.0,-4.0,256.0,max,,,,,,,,,
google/vivit-b-16x2,video,,vlp,True,False,VLPSoftmax,CustomFastGelu,12.0,-3.0,-4.0,256.0,max,,,,,,,,,
google/vivit-b-16x2,video,,vlp,True,False,VLPSoftmax,CustomFastGelu,12.0,-2.0,-4.0,256.0,max,,,,,,,,,
google/vivit-b-16x2,video,,vlp,True,False,VLPSoftmax,CustomFastGelu,12.0,-1.0,-4.0,256.0,max,,,,,,,,,
google/vivit-b-16x2,video,3.375,vlp,True,False,VLPSoftmax,CustomFastGelu,12.0,0.0,-4.0,256.0,max,,,,,,,,,
google/vivit-b-16x2,video,2.00390625,vlp,True,False,VLPSoftmax,CustomFastGelu,12.0,1.0,-4.0,256.0,max,,,,,,,,,
google/vivit-b-16x2,video,1.759765625,vlp,True,False,VLPSoftmax,CustomFastGelu,12.0,2.0,-4.0,256.0,max,,,,,,,,,
google/vivit-b-16x2,video,1.77197265625,vlp,True,False,VLPSoftmax,CustomFastGelu,12.0,3.0,-4.0,256.0,max,,,,,,,,,
google/vivit-b-16x2,video,1.7724609375,vlp,True,False,VLPSoftmax,CustomFastGelu,12.0,4.0,-4.0,256.0,max,,,,,,,,,
google/vivit-b-16x2,video,7.490234375,vlp,False,True,CustomSoftmax,VLPGelu,,,,,,8.0,-4.0,256.0,,,,,,
google/vivit-b-16x2,video,7.349609375,vlp,False,True,CustomSoftmax,VLPGelu,,,,,,8.0,-3.0,256.0,,,,,,
google/vivit-b-16x2,video,6.314453125,vlp,False,True,CustomSoftmax,VLPGelu,,,,,,8.0,-2.0,256.0,,,,,,
google/vivit-b-16x2,video,3.779296875,vlp,False,True,CustomSoftmax,VLPGelu,,,,,,8.0,-1.0,256.0,,,,,,
google/vivit-b-16x2,video,1.873046875,vlp,False,True,CustomSoftmax,VLPGelu,,,,,,8.0,0.0,256.0,,,,,,
google/vivit-b-16x2,video,1.7685546875,vlp,False,True,CustomSoftmax,VLPGelu,,,,,,8.0,1.0,256.0,,,,,,
google/vivit-b-16x2,video,1.77294921875,vlp,False,True,CustomSoftmax,VLPGelu,,,,,,8.0,2.0,256.0,,,,,,
google/vivit-b-16x2,video,1.7724609375,vlp,False,True,CustomSoftmax,VLPGelu,,,,,,8.0,3.0,256.0,,,,,,
google/vivit-b-16x2,video,1.7646484375,vlp,False,True,CustomSoftmax,VLPGelu,,,,,,8.0,4.0,256.0,,,,,,
google/vivit-b-16x2,video,7.490234375,vlp,False,True,CustomSoftmax,VLPGelu,,,,,,9.0,-4.0,256.0,,,,,,
google/vivit-b-16x2,video,7.349609375,vlp,False,True,CustomSoftmax,VLPGelu,,,,,,9.0,-3.0,256.0,,,,,,
google/vivit-b-16x2,video,6.318359375,vlp,False,True,CustomSoftmax,VLPGelu,,,,,,9.0,-2.0,256.0,,,,,,
google/vivit-b-16x2,video,3.7734375,vlp,False,True,CustomSoftmax,VLPGelu,,,,,,9.0,-1.0,256.0,,,,,,
google/vivit-b-16x2,video,1.87451171875,vlp,False,True,CustomSoftmax,VLPGelu,,,,,,9.0,0.0,256.0,,,,,,
google/vivit-b-16x2,video,1.77099609375,vlp,False,True,CustomSoftmax,VLPGelu,,,,,,9.0,1.0,256.0,,,,,,
google/vivit-b-16x2,video,1.779296875,vlp,False,True,CustomSoftmax,VLPGelu,,,,,,9.0,2.0,256.0,,,,,,
google/vivit-b-16x2,video,1.7734375,vlp,False,True,CustomSoftmax,VLPGelu,,,,,,9.0,3.0,256.0,,,,,,
google/vivit-b-16x2,video,1.7734375,vlp,False,True,CustomSoftmax,VLPGelu,,,,,,9.0,4.0,256.0,,,,,,
google/vivit-b-16x2,video,7.490234375,vlp,False,True,CustomSoftmax,VLPGelu,,,,,,10.0,-4.0,256.0,,,,,,
google/vivit-b-16x2,video,7.34765625,vlp,False,True,CustomSoftmax,VLPGelu,,,,,,10.0,-3.0,256.0,,,,,,
google/vivit-b-16x2,video,6.30859375,vlp,False,True,CustomSoftmax,VLPGelu,,,,,,10.0,-2.0,256.0,,,,,,
google/vivit-b-16x2,video,3.775390625,vlp,False,True,CustomSoftmax,VLPGelu,,,,,,10.0,-1.0,256.0,,,,,,
google/vivit-b-16x2,video,1.875,vlp,False,True,CustomSoftmax,VLPGelu,,,,,,10.0,0.0,256.0,,,,,,
google/vivit-b-16x2,video,1.7744140625,vlp,False,True,CustomSoftmax,VLPGelu,,,,,,10.0,1.0,256.0,,,,,,
google/vivit-b-16x2,video,1.7734375,vlp,False,True,CustomSoftmax,VLPGelu,,,,,,10.0,2.0,256.0,,,,,,
google/vivit-b-16x2,video,1.7734375,vlp,False,True,CustomSoftmax,VLPGelu,,,,,,10.0,3.0,256.0,,,,,,
google/vivit-b-16x2,video,1.77197265625,vlp,False,True,CustomSoftmax,VLPGelu,,,,,,10.0,4.0,256.0,,,,,,
google/vivit-b-16x2,video,7.490234375,vlp,False,True,CustomSoftmax,VLPGelu,,,,,,11.0,-4.0,256.0,,,,,,
google/vivit-b-16x2,video,7.349609375,vlp,False,True,CustomSoftmax,VLPGelu,,,,,,11.0,-3.0,256.0,,,,,,
google/vivit-b-16x2,video,6.3046875,vlp,False,True,CustomSoftmax,VLPGelu,,,,,,11.0,-2.0,256.0,,,,,,
google/vivit-b-16x2,video,3.7783203125,vlp,False,True,CustomSoftmax,VLPGelu,,,,,,11.0,-1.0,256.0,,,,,,
google/vivit-b-16x2,video,1.8701171875,vlp,False,True,CustomSoftmax,VLPGelu,,,,,,11.0,0.0,256.0,,,,,,
google/vivit-b-16x2,video,1.77001953125,vlp,False,True,CustomSoftmax,VLPGelu,,,,,,11.0,1.0,256.0,,,,,,
google/vivit-b-16x2,video,1.77294921875,vlp,False,True,CustomSoftmax,VLPGelu,,,,,,11.0,2.0,256.0,,,,,,
google/vivit-b-16x2,video,1.77294921875,vlp,False,True,CustomSoftmax,VLPGelu,,,,,,11.0,3.0,256.0,,,,,,
google/vivit-b-16x2,video,1.77392578125,vlp,False,True,CustomSoftmax,VLPGelu,,,,,,11.0,4.0,256.0,,,,,,
google/vivit-b-16x2,video,7.48828125,vlp,False,True,CustomSoftmax,VLPGelu,,,,,,12.0,-4.0,256.0,,,,,,
google/vivit-b-16x2,video,7.349609375,vlp,False,True,CustomSoftmax,VLPGelu,,,,,,12.0,-3.0,256.0,,,,,,
google/vivit-b-16x2,video,6.314453125,vlp,False,True,CustomSoftmax,VLPGelu,,,,,,12.0,-2.0,256.0,,,,,,
google/vivit-b-16x2,video,3.7705078125,vlp,False,True,CustomSoftmax,VLPGelu,,,,,,12.0,-1.0,256.0,,,,,,
google/vivit-b-16x2,video,1.8759765625,vlp,False,True,CustomSoftmax,VLPGelu,,,,,,12.0,0.0,256.0,,,,,,
google/vivit-b-16x2,video,1.76953125,vlp,False,True,CustomSoftmax,VLPGelu,,,,,,12.0,1.0,256.0,,,,,,
google/vivit-b-16x2,video,1.77783203125,vlp,False,True,CustomSoftmax,VLPGelu,,,,,,12.0,2.0,256.0,,,,,,
google/vivit-b-16x2,video,1.775390625,vlp,False,True,CustomSoftmax,VLPGelu,,,,,,12.0,3.0,256.0,,,,,,
google/vivit-b-16x2,video,1.7744140625,vlp,False,True,CustomSoftmax,VLPGelu,,,,,,12.0,4.0,256.0,,,,,,
google/vivit-b-16x2,video,1.77685546875,pwl,True,False,PWLSoftmax,CustomFastGelu,,,,,,,,,20.0,-16.0,,,,
google/vivit-b-16x2,video,1.77392578125,pwl,True,False,PWLSoftmax,CustomFastGelu,,,,,,,,,20.0,-17.0,,,,
google/vivit-b-16x2,video,1.77392578125,pwl,True,False,PWLSoftmax,CustomFastGelu,,,,,,,,,20.0,-18.0,,,,
google/vivit-b-16x2,video,1.77685546875,pwl,True,False,PWLSoftmax,CustomFastGelu,,,,,,,,,20.0,-19.0,,,,
google/vivit-b-16x2,video,1.7744140625,pwl,True,False,PWLSoftmax,CustomFastGelu,,,,,,,,,20.0,-20.0,,,,
google/vivit-b-16x2,video,1.77734375,pwl,True,False,PWLSoftmax,CustomFastGelu,,,,,,,,,20.0,-21.0,,,,
google/vivit-b-16x2,video,1.77587890625,pwl,True,False,PWLSoftmax,CustomFastGelu,,,,,,,,,20.0,-22.0,,,,
google/vivit-b-16x2,video,1.77392578125,pwl,True,False,PWLSoftmax,CustomFastGelu,,,,,,,,,20.0,-23.0,,,,
google/vivit-b-16x2,video,1.77099609375,pwl,True,False,PWLSoftmax,CustomFastGelu,,,,,,,,,20.0,-24.0,,,,
google/vivit-b-16x2,video,1.77294921875,pwl,True,False,PWLSoftmax,CustomFastGelu,,,,,,,,,21.0,-16.0,,,,
google/vivit-b-16x2,video,1.77685546875,pwl,True,False,PWLSoftmax,CustomFastGelu,,,,,,,,,21.0,-17.0,,,,
google/vivit-b-16x2,video,1.77587890625,pwl,True,False,PWLSoftmax,CustomFastGelu,,,,,,,,,21.0,-18.0,,,,
google/vivit-b-16x2,video,1.77392578125,pwl,True,False,PWLSoftmax,CustomFastGelu,,,,,,,,,21.0,-19.0,,,,
google/vivit-b-16x2,video,1.7783203125,pwl,True,False,PWLSoftmax,CustomFastGelu,,,,,,,,,21.0,-20.0,,,,
google/vivit-b-16x2,video,1.775390625,pwl,True,False,PWLSoftmax,CustomFastGelu,,,,,,,,,21.0,-21.0,,,,
google/vivit-b-16x2,video,1.77001953125,pwl,True,False,PWLSoftmax,CustomFastGelu,,,,,,,,,21.0,-22.0,,,,
google/vivit-b-16x2,video,1.77587890625,pwl,True,False,PWLSoftmax,CustomFastGelu,,,,,,,,,21.0,-23.0,,,,
google/vivit-b-16x2,video,1.77978515625,pwl,True,False,PWLSoftmax,CustomFastGelu,,,,,,,,,21.0,-24.0,,,,
google/vivit-b-16x2,video,1.7744140625,pwl,True,False,PWLSoftmax,CustomFastGelu,,,,,,,,,22.0,-16.0,,,,
google/vivit-b-16x2,video,1.77294921875,pwl,True,False,PWLSoftmax,CustomFastGelu,,,,,,,,,22.0,-17.0,,,,
google/vivit-b-16x2,video,1.77685546875,pwl,True,False,PWLSoftmax,CustomFastGelu,,,,,,,,,22.0,-18.0,,,,
google/vivit-b-16x2,video,1.775390625,pwl,True,False,PWLSoftmax,CustomFastGelu,,,,,,,,,22.0,-19.0,,,,
google/vivit-b-16x2,video,1.7744140625,pwl,True,False,PWLSoftmax,CustomFastGelu,,,,,,,,,22.0,-20.0,,,,
google/vivit-b-16x2,video,1.77587890625,pwl,True,False,PWLSoftmax,CustomFastGelu,,,,,,,,,22.0,-21.0,,,,
google/vivit-b-16x2,video,1.7744140625,pwl,True,False,PWLSoftmax,CustomFastGelu,,,,,,,,,22.0,-22.0,,,,
google/vivit-b-16x2,video,1.7724609375,pwl,True,False,PWLSoftmax,CustomFastGelu,,,,,,,,,22.0,-23.0,,,,
google/vivit-b-16x2,video,1.77294921875,pwl,True,False,PWLSoftmax,CustomFastGelu,,,,,,,,,22.0,-24.0,,,,
google/vivit-b-16x2,video,1.77294921875,pwl,True,False,PWLSoftmax,CustomFastGelu,,,,,,,,,23.0,-16.0,,,,
google/vivit-b-16x2,video,1.77294921875,pwl,True,False,PWLSoftmax,CustomFastGelu,,,,,,,,,23.0,-17.0,,,,
google/vivit-b-16x2,video,1.7724609375,pwl,True,False,PWLSoftmax,CustomFastGelu,,,,,,,,,23.0,-18.0,,,,
google/vivit-b-16x2,video,1.77734375,pwl,True,False,PWLSoftmax,CustomFastGelu,,,,,,,,,23.0,-19.0,,,,
google/vivit-b-16x2,video,1.77392578125,pwl,True,False,PWLSoftmax,CustomFastGelu,,,,,,,,,23.0,-20.0,,,,
google/vivit-b-16x2,video,1.77392578125,pwl,True,False,PWLSoftmax,CustomFastGelu,,,,,,,,,23.0,-21.0,,,,
google/vivit-b-16x2,video,1.7763671875,pwl,True,False,PWLSoftmax,CustomFastGelu,,,,,,,,,23.0,-22.0,,,,
google/vivit-b-16x2,video,1.77392578125,pwl,True,False,PWLSoftmax,CustomFastGelu,,,,,,,,,23.0,-23.0,,,,
google/vivit-b-16x2,video,1.77880859375,pwl,True,False,PWLSoftmax,CustomFastGelu,,,,,,,,,23.0,-24.0,,,,
google/vivit-b-16x2,video,1.77294921875,pwl,True,False,PWLSoftmax,CustomFastGelu,,,,,,,,,24.0,-16.0,,,,
google/vivit-b-16x2,video,1.77392578125,pwl,True,False,PWLSoftmax,CustomFastGelu,,,,,,,,,24.0,-17.0,,,,
google/vivit-b-16x2,video,1.771484375,pwl,True,False,PWLSoftmax,CustomFastGelu,,,,,,,,,24.0,-18.0,,,,
google/vivit-b-16x2,video,1.771484375,pwl,True,False,PWLSoftmax,CustomFastGelu,,,,,,,,,24.0,-19.0,,,,
google/vivit-b-16x2,video,1.77490234375,pwl,True,False,PWLSoftmax,CustomFastGelu,,,,,,,,,24.0,-20.0,,,,
google/vivit-b-16x2,video,1.7744140625,pwl,True,False,PWLSoftmax,CustomFastGelu,,,,,,,,,24.0,-21.0,,,,
google/vivit-b-16x2,video,1.7734375,pwl,True,False,PWLSoftmax,CustomFastGelu,,,,,,,,,24.0,-22.0,,,,
google/vivit-b-16x2,video,1.7763671875,pwl,True,False,PWLSoftmax,CustomFastGelu,,,,,,,,,24.0,-23.0,,,,
google/vivit-b-16x2,video,1.77490234375,pwl,True,False,PWLSoftmax,CustomFastGelu,,,,,,,,,24.0,-24.0,,,,
google/vivit-b-16x2,video,1.7744140625,pwl,True,False,PWLSoftmax,CustomFastGelu,,,,,,,,,25.0,-16.0,,,,
google/vivit-b-16x2,video,1.77490234375,pwl,True,False,PWLSoftmax,CustomFastGelu,,,,,,,,,25.0,-17.0,,,,
google/vivit-b-16x2,video,1.77294921875,pwl,True,False,PWLSoftmax,CustomFastGelu,,,,,,,,,25.0,-18.0,,,,
google/vivit-b-16x2,video,1.77197265625,pwl,True,False,PWLSoftmax,CustomFastGelu,,,,,,,,,25.0,-19.0,,,,
google/vivit-b-16x2,video,1.77197265625,pwl,True,False,PWLSoftmax,CustomFastGelu,,,,,,,,,25.0,-20.0,,,,
google/vivit-b-16x2,video,1.77587890625,pwl,True,False,PWLSoftmax,CustomFastGelu,,,,,,,,,25.0,-21.0,,,,
google/vivit-b-16x2,video,1.7734375,pwl,True,False,PWLSoftmax,CustomFastGelu,,,,,,,,,25.0,-22.0,,,,
google/vivit-b-16x2,video,1.7744140625,pwl,True,False,PWLSoftmax,CustomFastGelu,,,,,,,,,25.0,-23.0,,,,
google/vivit-b-16x2,video,1.77685546875,pwl,True,False,PWLSoftmax,CustomFastGelu,,,,,,,,,25.0,-24.0,,,,
google/vivit-b-16x2,video,1.7744140625,pwl,False,True,CustomSoftmax,PWLGelu,,,,,,,,,,,20.0,3.0,,
google/vivit-b-16x2,video,1.771484375,pwl,False,True,CustomSoftmax,PWLGelu,,,,,,,,,,,20.0,4.0,,
google/vivit-b-16x2,video,1.77880859375,pwl,False,True,CustomSoftmax,PWLGelu,,,,,,,,,,,20.0,5.0,,
google/vivit-b-16x2,video,1.796875,pwl,False,True,CustomSoftmax,PWLGelu,,,,,,,,,,,20.0,6.0,,
google/vivit-b-16x2,video,1.8310546875,pwl,False,True,CustomSoftmax,PWLGelu,,,,,,,,,,,20.0,7.0,,
google/vivit-b-16x2,video,1.84619140625,pwl,False,True,CustomSoftmax,PWLGelu,,,,,,,,,,,20.0,8.0,,
google/vivit-b-16x2,video,1.93798828125,pwl,False,True,CustomSoftmax,PWLGelu,,,,,,,,,,,20.0,9.0,,
google/vivit-b-16x2,video,1.96142578125,pwl,False,True,CustomSoftmax,PWLGelu,,,,,,,,,,,20.0,10.0,,
google/vivit-b-16x2,video,1.98095703125,pwl,False,True,CustomSoftmax,PWLGelu,,,,,,,,,,,20.0,11.0,,
google/vivit-b-16x2,video,1.77001953125,pwl,False,True,CustomSoftmax,PWLGelu,,,,,,,,,,,21.0,3.0,,
google/vivit-b-16x2,video,1.77783203125,pwl,False,True,CustomSoftmax,PWLGelu,,,,,,,,,,,21.0,4.0,,
google/vivit-b-16x2,video,1.77978515625,pwl,False,True,CustomSoftmax,PWLGelu,,,,,,,,,,,21.0,5.0,,
google/vivit-b-16x2,video,1.78857421875,pwl,False,True,CustomSoftmax,PWLGelu,,,,,,,,,,,21.0,6.0,,
google/vivit-b-16x2,video,1.79296875,pwl,False,True,CustomSoftmax,PWLGelu,,,,,,,,,,,21.0,7.0,,
google/vivit-b-16x2,video,1.802734375,pwl,False,True,CustomSoftmax,PWLGelu,,,,,,,,,,,21.0,8.0,,
google/vivit-b-16x2,video,1.8603515625,pwl,False,True,CustomSoftmax,PWLGelu,,,,,,,,,,,21.0,9.0,,
google/vivit-b-16x2,video,1.97314453125,pwl,False,True,CustomSoftmax,PWLGelu,,,,,,,,,,,21.0,10.0,,
google/vivit-b-16x2,video,1.91796875,pwl,False,True,CustomSoftmax,PWLGelu,,,,,,,,,,,21.0,11.0,,
google/vivit-b-16x2,video,1.7724609375,pwl,False,True,CustomSoftmax,PWLGelu,,,,,,,,,,,22.0,3.0,,
google/vivit-b-16x2,video,1.76806640625,pwl,False,True,CustomSoftmax,PWLGelu,,,,,,,,,,,22.0,4.0,,
google/vivit-b-16x2,video,1.77294921875,pwl,False,True,CustomSoftmax,PWLGelu,,,,,,,,,,,22.0,5.0,,
google/vivit-b-16x2,video,1.78369140625,pwl,False,True,CustomSoftmax,PWLGelu,,,,,,,,,,,22.0,6.0,,
google/vivit-b-16x2,video,1.80322265625,pwl,False,True,CustomSoftmax,PWLGelu,,,,,,,,,,,22.0,7.0,,
google/vivit-b-16x2,video,1.8408203125,pwl,False,True,CustomSoftmax,PWLGelu,,,,,,,,,,,22.0,8.0,,
google/vivit-b-16x2,video,1.85205078125,pwl,False,True,CustomSoftmax,PWLGelu,,,,,,,,,,,22.0,9.0,,
google/vivit-b-16x2,video,1.873046875,pwl,False,True,CustomSoftmax,PWLGelu,,,,,,,,,,,22.0,10.0,,
google/vivit-b-16x2,video,1.96337890625,pwl,False,True,CustomSoftmax,PWLGelu,,,,,,,,,,,22.0,11.0,,
google/vivit-b-16x2,video,1.77392578125,pwl,False,True,CustomSoftmax,PWLGelu,,,,,,,,,,,23.0,3.0,,
google/vivit-b-16x2,video,1.7744140625,pwl,False,True,CustomSoftmax,PWLGelu,,,,,,,,,,,23.0,4.0,,
google/vivit-b-16x2,video,1.7802734375,pwl,False,True,CustomSoftmax,PWLGelu,,,,,,,,,,,23.0,5.0,,
google/vivit-b-16x2,video,1.77587890625,pwl,False,True,CustomSoftmax,PWLGelu,,,,,,,,,,,23.0,6.0,,
google/vivit-b-16x2,video,1.78466796875,pwl,False,True,CustomSoftmax,PWLGelu,,,,,,,,,,,23.0,7.0,,
google/vivit-b-16x2,video,1.81103515625,pwl,False,True,CustomSoftmax,PWLGelu,,,,,,,,,,,23.0,8.0,,
google/vivit-b-16x2,video,1.80322265625,pwl,False,True,CustomSoftmax,PWLGelu,,,,,,,,,,,23.0,9.0,,
google/vivit-b-16x2,video,1.85986328125,pwl,False,True,CustomSoftmax,PWLGelu,,,,,,,,,,,23.0,10.0,,
google/vivit-b-16x2,video,1.97607421875,pwl,False,True,CustomSoftmax,PWLGelu,,,,,,,,,,,23.0,11.0,,
google/vivit-b-16x2,video,1.7724609375,pwl,False,True,CustomSoftmax,PWLGelu,,,,,,,,,,,24.0,3.0,,
google/vivit-b-16x2,video,1.77099609375,pwl,False,True,CustomSoftmax,PWLGelu,,,,,,,,,,,24.0,4.0,,
google/vivit-b-16x2,video,1.771484375,pwl,False,True,CustomSoftmax,PWLGelu,,,,,,,,,,,24.0,5.0,,
google/vivit-b-16x2,video,1.77880859375,pwl,False,True,CustomSoftmax,PWLGelu,,,,,,,,,,,24.0,6.0,,
google/vivit-b-16x2,video,1.7958984375,pwl,False,True,CustomSoftmax,PWLGelu,,,,,,,,,,,24.0,7.0,,
google/vivit-b-16x2,video,1.81396484375,pwl,False,True,CustomSoftmax,PWLGelu,,,,,,,,,,,24.0,8.0,,
google/vivit-b-16x2,video,1.83642578125,pwl,False,True,CustomSoftmax,PWLGelu,,,,,,,,,,,24.0,9.0,,
google/vivit-b-16x2,video,1.89208984375,pwl,False,True,CustomSoftmax,PWLGelu,,,,,,,,,,,24.0,10.0,,
google/vivit-b-16x2,video,1.87890625,pwl,False,True,CustomSoftmax,PWLGelu,,,,,,,,,,,24.0,11.0,,
google/vivit-b-16x2,video,1.77294921875,pwl,False,True,CustomSoftmax,PWLGelu,,,,,,,,,,,25.0,3.0,,
google/vivit-b-16x2,video,1.77392578125,pwl,False,True,CustomSoftmax,PWLGelu,,,,,,,,,,,25.0,4.0,,
google/vivit-b-16x2,video,1.77685546875,pwl,False,True,CustomSoftmax,PWLGelu,,,,,,,,,,,25.0,5.0,,
google/vivit-b-16x2,video,1.77734375,pwl,False,True,CustomSoftmax,PWLGelu,,,,,,,,,,,25.0,6.0,,
google/vivit-b-16x2,video,1.7802734375,pwl,False,True,CustomSoftmax,PWLGelu,,,,,,,,,,,25.0,7.0,,
google/vivit-b-16x2,video,1.783203125,pwl,False,True,CustomSoftmax,PWLGelu,,,,,,,,,,,25.0,8.0,,
google/vivit-b-16x2,video,1.81201171875,pwl,False,True,CustomSoftmax,PWLGelu,,,,,,,,,,,25.0,9.0,,
google/vivit-b-16x2,video,1.83251953125,pwl,False,True,CustomSoftmax,PWLGelu,,,,,,,,,,,25.0,10.0,,
google/vivit-b-16x2,video,1.85595703125,pwl,False,True,CustomSoftmax,PWLGelu,,,,,,,,,,,25.0,11.0,,
google/vivit-b-16x2,video,1.75927734375,taylor,True,False,TaylorSoftmax,CustomFastGelu,,,,,,,,,,,,,-5.0,5.0
google/vivit-b-16x2,video,1.75927734375,taylor,True,False,TaylorSoftmax,CustomFastGelu,,,,,,,,,,,,,-5.0,6.0
google/vivit-b-16x2,video,1.7587890625,taylor,True,False,TaylorSoftmax,CustomFastGelu,,,,,,,,,,,,,-5.0,7.0
google/vivit-b-16x2,video,1.76318359375,taylor,True,False,TaylorSoftmax,CustomFastGelu,,,,,,,,,,,,,-5.0,8.0
google/vivit-b-16x2,video,1.763671875,taylor,True,False,TaylorSoftmax,CustomFastGelu,,,,,,,,,,,,,-5.0,9.0
google/vivit-b-16x2,video,1.765625,taylor,True,False,TaylorSoftmax,CustomFastGelu,,,,,,,,,,,,,-5.0,10.0
google/vivit-b-16x2,video,1.787109375,taylor,True,False,TaylorSoftmax,CustomFastGelu,,,,,,,,,,,,,-4.0,5.0
google/vivit-b-16x2,video,1.77197265625,taylor,True,False,TaylorSoftmax,CustomFastGelu,,,,,,,,,,,,,-4.0,6.0
google/vivit-b-16x2,video,1.77490234375,taylor,True,False,TaylorSoftmax,CustomFastGelu,,,,,,,,,,,,,-4.0,7.0
google/vivit-b-16x2,video,1.775390625,taylor,True,False,TaylorSoftmax,CustomFastGelu,,,,,,,,,,,,,-4.0,8.0
google/vivit-b-16x2,video,1.7666015625,taylor,True,False,TaylorSoftmax,CustomFastGelu,,,,,,,,,,,,,-4.0,9.0
google/vivit-b-16x2,video,1.765625,taylor,True,False,TaylorSoftmax,CustomFastGelu,,,,,,,,,,,,,-4.0,10.0
google/vivit-b-16x2,video,1.86962890625,taylor,True,False,TaylorSoftmax,CustomFastGelu,,,,,,,,,,,,,-3.0,5.0
google/vivit-b-16x2,video,1.8251953125,taylor,True,False,TaylorSoftmax,CustomFastGelu,,,,,,,,,,,,,-3.0,6.0
google/vivit-b-16x2,video,1.82275390625,taylor,True,False,TaylorSoftmax,CustomFastGelu,,,,,,,,,,,,,-3.0,7.0
google/vivit-b-16x2,video,1.7978515625,taylor,True,False,TaylorSoftmax,CustomFastGelu,,,,,,,,,,,,,-3.0,8.0
google/vivit-b-16x2,video,1.79296875,taylor,True,False,TaylorSoftmax,CustomFastGelu,,,,,,,,,,,,,-3.0,9.0
google/vivit-b-16x2,video,1.783203125,taylor,True,False,TaylorSoftmax,CustomFastGelu,,,,,,,,,,,,,-3.0,10.0
google/vivit-b-16x2,video,2.00830078125,taylor,True,False,TaylorSoftmax,CustomFastGelu,,,,,,,,,,,,,-2.0,5.0
google/vivit-b-16x2,video,1.9423828125,taylor,True,False,TaylorSoftmax,CustomFastGelu,,,,,,,,,,,,,-2.0,6.0
google/vivit-b-16x2,video,1.9287109375,taylor,True,False,TaylorSoftmax,CustomFastGelu,,,,,,,,,,,,,-2.0,7.0
google/vivit-b-16x2,video,1.83740234375,taylor,True,False,TaylorSoftmax,CustomFastGelu,,,,,,,,,,,,,-2.0,8.0
google/vivit-b-16x2,video,1.8525390625,taylor,True,False,TaylorSoftmax,CustomFastGelu,,,,,,,,,,,,,-2.0,9.0
google/vivit-b-16x2,video,1.80615234375,taylor,True,False,TaylorSoftmax,CustomFastGelu,,,,,,,,,,,,,-2.0,10.0
google/vivit-b-16x2,video,6.51953125,taylor,True,False,TaylorSoftmax,CustomFastGelu,,,,,,,,,,,,,-1.0,5.0
google/vivit-b-16x2,video,6.51953125,taylor,True,False,TaylorSoftmax,CustomFastGelu,,,,,,,,,,,,,-1.0,6.0
google/vivit-b-16x2,video,6.51953125,taylor,True,False,TaylorSoftmax,CustomFastGelu,,,,,,,,,,,,,-1.0,7.0
google/vivit-b-16x2,video,6.51953125,taylor,True,False,TaylorSoftmax,CustomFastGelu,,,,,,,,,,,,,-1.0,8.0
google/vivit-b-16x2,video,6.51953125,taylor,True,False,TaylorSoftmax,CustomFastGelu,,,,,,,,,,,,,-1.0,9.0
google/vivit-b-16x2,video,6.51953125,taylor,True,False,TaylorSoftmax,CustomFastGelu,,,,,,,,,,,,,-1.0,10.0
google/vivit-b-16x2,video,6.42578125,taylor,True,False,TaylorSoftmax,CustomFastGelu,,,,,,,,,,,,,0.0,5.0
google/vivit-b-16x2,video,6.42578125,taylor,True,False,TaylorSoftmax,CustomFastGelu,,,,,,,,,,,,,0.0,6.0
google/vivit-b-16x2,video,6.42578125,taylor,True,False,TaylorSoftmax,CustomFastGelu,,,,,,,,,,,,,0.0,7.0
google/vivit-b-16x2,video,6.42578125,taylor,True,False,TaylorSoftmax,CustomFastGelu,,,,,,,,,,,,,0.0,8.0
google/vivit-b-16x2,video,6.42578125,taylor,True,False,TaylorSoftmax,CustomFastGelu,,,,,,,,,,,,,0.0,9.0
google/vivit-b-16x2,video,6.42578125,taylor,True,False,TaylorSoftmax,CustomFastGelu,,,,,,,,,,,,,0.0,10.0
google/vivit-b-16x2,video,6.541015625,taylor,True,False,TaylorSoftmax,CustomFastGelu,,,,,,,,,,,,,1.0,5.0
google/vivit-b-16x2,video,6.349609375,taylor,True,False,TaylorSoftmax,CustomFastGelu,,,,,,,,,,,,,1.0,6.0
google/vivit-b-16x2,video,6.654296875,taylor,True,False,TaylorSoftmax,CustomFastGelu,,,,,,,,,,,,,1.0,7.0
google/vivit-b-16x2,video,6.349609375,taylor,True,False,TaylorSoftmax,CustomFastGelu,,,,,,,,,,,,,1.0,8.0
google/vivit-b-16x2,video,6.654296875,taylor,True,False,TaylorSoftmax,CustomFastGelu,,,,,,,,,,,,,1.0,9.0
google/vivit-b-16x2,video,6.349609375,taylor,True,False,TaylorSoftmax,CustomFastGelu,,,,,,,,,,,,,1.0,10.0
google/vivit-b-16x2,video,6.69140625,taylor,True,False,TaylorSoftmax,CustomFastGelu,,,,,,,,,,,,,2.0,5.0
google/vivit-b-16x2,video,6.505859375,taylor,True,False,TaylorSoftmax,CustomFastGelu,,,,,,,,,,,,,2.0,6.0
google/vivit-b-16x2,video,6.53125,taylor,True,False,TaylorSoftmax,CustomFastGelu,,,,,,,,,,,,,2.0,7.0
google/vivit-b-16x2,video,6.365234375,taylor,True,False,TaylorSoftmax,CustomFastGelu,,,,,,,,,,,,,2.0,8.0
google/vivit-b-16x2,video,6.5703125,taylor,True,False,TaylorSoftmax,CustomFastGelu,,,,,,,,,,,,,2.0,9.0
google/vivit-b-16x2,video,6.51953125,taylor,True,False,TaylorSoftmax,CustomFastGelu,,,,,,,,,,,,,2.0,10.0
google/vivit-b-16x2,video,1.98046875,taylor,True,False,TaylorSoftmax,CustomFastGelu,,,,,,,,,,,,,-9.0,5.0
google/vivit-b-16x2,video,1.8271484375,taylor,True,False,TaylorSoftmax,CustomFastGelu,,,,,,,,,,,,,-9.0,6.0
google/vivit-b-16x2,video,1.7783203125,taylor,True,False,TaylorSoftmax,CustomFastGelu,,,,,,,,,,,,,-9.0,7.0
google/vivit-b-16x2,video,1.76220703125,taylor,True,False,TaylorSoftmax,CustomFastGelu,,,,,,,,,,,,,-9.0,8.0
google/vivit-b-16x2,video,1.75830078125,taylor,True,False,TaylorSoftmax,CustomFastGelu,,,,,,,,,,,,,-9.0,9.0
google/vivit-b-16x2,video,1.75732421875,taylor,True,False,TaylorSoftmax,CustomFastGelu,,,,,,,,,,,,,-9.0,10.0
google/vivit-b-16x2,video,1.8505859375,taylor,True,False,TaylorSoftmax,CustomFastGelu,,,,,,,,,,,,,-8.0,5.0
google/vivit-b-16x2,video,1.78125,taylor,True,False,TaylorSoftmax,CustomFastGelu,,,,,,,,,,,,,-8.0,6.0
google/vivit-b-16x2,video,1.7626953125,taylor,True,False,TaylorSoftmax,CustomFastGelu,,,,,,,,,,,,,-8.0,7.0
google/vivit-b-16x2,video,1.75927734375,taylor,True,False,TaylorSoftmax,CustomFastGelu,,,,,,,,,,,,,-8.0,8.0
google/vivit-b-16x2,video,1.7578125,taylor,True,False,TaylorSoftmax,CustomFastGelu,,,,,,,,,,,,,-8.0,9.0
google/vivit-b-16x2,video,1.759765625,taylor,True,False,TaylorSoftmax,CustomFastGelu,,,,,,,,,,,,,-8.0,10.0
google/vivit-b-16x2,video,1.78857421875,taylor,True,False,TaylorSoftmax,CustomFastGelu,,,,,,,,,,,,,-7.0,5.0
google/vivit-b-16x2,video,1.76416015625,taylor,True,False,TaylorSoftmax,CustomFastGelu,,,,,,,,,,,,,-7.0,6.0
google/vivit-b-16x2,video,1.75927734375,taylor,True,False,TaylorSoftmax,CustomFastGelu,,,,,,,,,,,,,-7.0,7.0
google/vivit-b-16x2,video,1.75732421875,taylor,True,False,TaylorSoftmax,CustomFastGelu,,,,,,,,,,,,,-7.0,8.0
google/vivit-b-16x2,video,1.75927734375,taylor,True,False,TaylorSoftmax,CustomFastGelu,,,,,,,,,,,,,-7.0,9.0
google/vivit-b-16x2,video,1.7607421875,taylor,True,False,TaylorSoftmax,CustomFastGelu,,,,,,,,,,,,,-7.0,10.0
google/vivit-b-16x2,video,1.76513671875,taylor,True,False,TaylorSoftmax,CustomFastGelu,,,,,,,,,,,,,-6.0,5.0
google/vivit-b-16x2,video,1.7578125,taylor,True,False,TaylorSoftmax,CustomFastGelu,,,,,,,,,,,,,-6.0,6.0
google/vivit-b-16x2,video,1.75830078125,taylor,True,False,TaylorSoftmax,CustomFastGelu,,,,,,,,,,,,,-6.0,7.0
google/vivit-b-16x2,video,1.759765625,taylor,True,False,TaylorSoftmax,CustomFastGelu,,,,,,,,,,,,,-6.0,8.0
google/vivit-b-16x2,video,1.76220703125,taylor,True,False,TaylorSoftmax,CustomFastGelu,,,,,,,,,,,,,-6.0,9.0
google/vivit-b-16x2,video,1.76220703125,taylor,True,False,TaylorSoftmax,CustomFastGelu,,,,,,,,,,,,,-6.0,10.0
