model,modality,value,function_name,patch_attention,patch_ffn,attn_fn,ffn_fn,attn_exp_dim,attn_max_exp,attn_min_exp,attn_window_size,attn_lut_build,ffn_exp_dim,ffn_max_pos_exp,ffn_window_size,attn_segments,attn_segment_0,ffn_segments,ffn_segment_0,attn_degree_center,attn_degrees,ffn_min_pos_exp,ffn_lut_build
meta-llama/Llama-2-7b-hf,nlp,5.754334063454066,torch,True,False,CustomSoftmax,CustomSilu,,,,,,,,,,,,,,,,
meta-llama/Llama-2-7b-hf,nlp,,vlp,True,False,VLPSoftmax,CustomSilu,8.0,-4.0,-4.0,256.0,max,,,,,,,,,,,
meta-llama/Llama-2-7b-hf,nlp,,vlp,True,False,VLPSoftmax,CustomSilu,8.0,-3.0,-4.0,256.0,max,,,,,,,,,,,
meta-llama/Llama-2-7b-hf,nlp,,vlp,True,False,VLPSoftmax,CustomSilu,8.0,-2.0,-4.0,256.0,max,,,,,,,,,,,
meta-llama/Llama-2-7b-hf,nlp,,vlp,True,False,VLPSoftmax,CustomSilu,8.0,-1.0,-4.0,256.0,max,,,,,,,,,,,
meta-llama/Llama-2-7b-hf,nlp,12.947957034009669,vlp,True,False,VLPSoftmax,CustomSilu,8.0,0.0,-4.0,256.0,max,,,,,,,,,,,
meta-llama/Llama-2-7b-hf,nlp,6.714787735243895,vlp,True,False,VLPSoftmax,CustomSilu,8.0,1.0,-4.0,256.0,max,,,,,,,,,,,
meta-llama/Llama-2-7b-hf,nlp,6.281670144996944,vlp,True,False,VLPSoftmax,CustomSilu,8.0,2.0,-4.0,256.0,max,,,,,,,,,,,
meta-llama/Llama-2-7b-hf,nlp,6.89253900733442,vlp,True,False,VLPSoftmax,CustomSilu,8.0,3.0,-4.0,256.0,max,,,,,,,,,,,
meta-llama/Llama-2-7b-hf,nlp,6.926057127660295,vlp,True,False,VLPSoftmax,CustomSilu,8.0,4.0,-4.0,256.0,max,,,,,,,,,,,
meta-llama/Llama-2-7b-hf,nlp,,vlp,True,False,VLPSoftmax,CustomSilu,9.0,-4.0,-4.0,256.0,max,,,,,,,,,,,
meta-llama/Llama-2-7b-hf,nlp,,vlp,True,False,VLPSoftmax,CustomSilu,9.0,-3.0,-4.0,256.0,max,,,,,,,,,,,
meta-llama/Llama-2-7b-hf,nlp,,vlp,True,False,VLPSoftmax,CustomSilu,9.0,-2.0,-4.0,256.0,max,,,,,,,,,,,
meta-llama/Llama-2-7b-hf,nlp,,vlp,True,False,VLPSoftmax,CustomSilu,9.0,-1.0,-4.0,256.0,max,,,,,,,,,,,
meta-llama/Llama-2-7b-hf,nlp,12.9472589422493,vlp,True,False,VLPSoftmax,CustomSilu,9.0,0.0,-4.0,256.0,max,,,,,,,,,,,
meta-llama/Llama-2-7b-hf,nlp,6.7150303948984185,vlp,True,False,VLPSoftmax,CustomSilu,9.0,1.0,-4.0,256.0,max,,,,,,,,,,,
meta-llama/Llama-2-7b-hf,nlp,6.282058694589872,vlp,True,False,VLPSoftmax,CustomSilu,9.0,2.0,-4.0,256.0,max,,,,,,,,,,,
meta-llama/Llama-2-7b-hf,nlp,6.887933998093934,vlp,True,False,VLPSoftmax,CustomSilu,9.0,3.0,-4.0,256.0,max,,,,,,,,,,,
meta-llama/Llama-2-7b-hf,nlp,6.90928091917767,vlp,True,False,VLPSoftmax,CustomSilu,9.0,4.0,-4.0,256.0,max,,,,,,,,,,,
meta-llama/Llama-2-7b-hf,nlp,,vlp,True,False,VLPSoftmax,CustomSilu,10.0,-4.0,-4.0,256.0,max,,,,,,,,,,,
meta-llama/Llama-2-7b-hf,nlp,,vlp,True,False,VLPSoftmax,CustomSilu,10.0,-3.0,-4.0,256.0,max,,,,,,,,,,,
meta-llama/Llama-2-7b-hf,nlp,,vlp,True,False,VLPSoftmax,CustomSilu,10.0,-2.0,-4.0,256.0,max,,,,,,,,,,,
meta-llama/Llama-2-7b-hf,nlp,,vlp,True,False,VLPSoftmax,CustomSilu,10.0,-1.0,-4.0,256.0,max,,,,,,,,,,,
meta-llama/Llama-2-7b-hf,nlp,12.9472589422493,vlp,True,False,VLPSoftmax,CustomSilu,10.0,0.0,-4.0,256.0,max,,,,,,,,,,,
meta-llama/Llama-2-7b-hf,nlp,6.715131029184252,vlp,True,False,VLPSoftmax,CustomSilu,10.0,1.0,-4.0,256.0,max,,,,,,,,,,,
meta-llama/Llama-2-7b-hf,nlp,6.281667577568548,vlp,True,False,VLPSoftmax,CustomSilu,10.0,2.0,-4.0,256.0,max,,,,,,,,,,,
meta-llama/Llama-2-7b-hf,nlp,6.888055757418057,vlp,True,False,VLPSoftmax,CustomSilu,10.0,3.0,-4.0,256.0,max,,,,,,,,,,,
meta-llama/Llama-2-7b-hf,nlp,6.904812648858241,vlp,True,False,VLPSoftmax,CustomSilu,10.0,4.0,-4.0,256.0,max,,,,,,,,,,,
meta-llama/Llama-2-7b-hf,nlp,,vlp,True,False,VLPSoftmax,CustomSilu,11.0,-4.0,-4.0,256.0,max,,,,,,,,,,,
meta-llama/Llama-2-7b-hf,nlp,,vlp,True,False,VLPSoftmax,CustomSilu,11.0,-3.0,-4.0,256.0,max,,,,,,,,,,,
meta-llama/Llama-2-7b-hf,nlp,,vlp,True,False,VLPSoftmax,CustomSilu,11.0,-2.0,-4.0,256.0,max,,,,,,,,,,,
meta-llama/Llama-2-7b-hf,nlp,,vlp,True,False,VLPSoftmax,CustomSilu,11.0,-1.0,-4.0,256.0,max,,,,,,,,,,,
meta-llama/Llama-2-7b-hf,nlp,12.9472589422493,vlp,True,False,VLPSoftmax,CustomSilu,11.0,0.0,-4.0,256.0,max,,,,,,,,,,,
meta-llama/Llama-2-7b-hf,nlp,6.715131029184252,vlp,True,False,VLPSoftmax,CustomSilu,11.0,1.0,-4.0,256.0,max,,,,,,,,,,,
meta-llama/Llama-2-7b-hf,nlp,6.281797661927604,vlp,True,False,VLPSoftmax,CustomSilu,11.0,2.0,-4.0,256.0,max,,,,,,,,,,,
meta-llama/Llama-2-7b-hf,nlp,6.888142562103959,vlp,True,False,VLPSoftmax,CustomSilu,11.0,3.0,-4.0,256.0,max,,,,,,,,,,,
meta-llama/Llama-2-7b-hf,nlp,6.904539967070953,vlp,True,False,VLPSoftmax,CustomSilu,11.0,4.0,-4.0,256.0,max,,,,,,,,,,,
meta-llama/Llama-2-7b-hf,nlp,,vlp,True,False,VLPSoftmax,CustomSilu,12.0,-4.0,-4.0,256.0,max,,,,,,,,,,,
meta-llama/Llama-2-7b-hf,nlp,,vlp,True,False,VLPSoftmax,CustomSilu,12.0,-3.0,-4.0,256.0,max,,,,,,,,,,,
meta-llama/Llama-2-7b-hf,nlp,,vlp,True,False,VLPSoftmax,CustomSilu,12.0,-2.0,-4.0,256.0,max,,,,,,,,,,,
meta-llama/Llama-2-7b-hf,nlp,,vlp,True,False,VLPSoftmax,CustomSilu,12.0,-1.0,-4.0,256.0,max,,,,,,,,,,,
meta-llama/Llama-2-7b-hf,nlp,12.9472589422493,vlp,True,False,VLPSoftmax,CustomSilu,12.0,0.0,-4.0,256.0,max,,,,,,,,,,,
meta-llama/Llama-2-7b-hf,nlp,6.715131029184252,vlp,True,False,VLPSoftmax,CustomSilu,12.0,1.0,-4.0,256.0,max,,,,,,,,,,,
meta-llama/Llama-2-7b-hf,nlp,6.281797661927604,vlp,True,False,VLPSoftmax,CustomSilu,12.0,2.0,-4.0,256.0,max,,,,,,,,,,,
meta-llama/Llama-2-7b-hf,nlp,6.88817728428462,vlp,True,False,VLPSoftmax,CustomSilu,12.0,3.0,-4.0,256.0,max,,,,,,,,,,,
meta-llama/Llama-2-7b-hf,nlp,6.904293281053852,vlp,True,False,VLPSoftmax,CustomSilu,12.0,4.0,-4.0,256.0,max,,,,,,,,,,,
meta-llama/Llama-2-7b-hf,nlp,21037.08606422554,vlp,False,True,CustomSoftmax,VLPSilu,,,,,,8.0,-4.0,256.0,,,,,,,,
meta-llama/Llama-2-7b-hf,nlp,13943.904938765192,vlp,False,True,CustomSoftmax,VLPSilu,,,,,,8.0,-3.0,256.0,,,,,,,,
meta-llama/Llama-2-7b-hf,nlp,289.0558476534217,vlp,False,True,CustomSoftmax,VLPSilu,,,,,,8.0,-2.0,256.0,,,,,,,,
meta-llama/Llama-2-7b-hf,nlp,13.364978986729662,vlp,False,True,CustomSoftmax,VLPSilu,,,,,,8.0,-1.0,256.0,,,,,,,,
meta-llama/Llama-2-7b-hf,nlp,6.367528224969097,vlp,False,True,CustomSoftmax,VLPSilu,,,,,,8.0,0.0,256.0,,,,,,,,
meta-llama/Llama-2-7b-hf,nlp,5.761498970018384,vlp,False,True,CustomSoftmax,VLPSilu,,,,,,8.0,1.0,256.0,,,,,,,,
meta-llama/Llama-2-7b-hf,nlp,5.7602006261231375,vlp,False,True,CustomSoftmax,VLPSilu,,,,,,8.0,2.0,256.0,,,,,,,,
meta-llama/Llama-2-7b-hf,nlp,5.764045099163894,vlp,False,True,CustomSoftmax,VLPSilu,,,,,,8.0,3.0,256.0,,,,,,,,
meta-llama/Llama-2-7b-hf,nlp,5.806548130400137,vlp,False,True,CustomSoftmax,VLPSilu,,,,,,8.0,4.0,256.0,,,,,,,,
meta-llama/Llama-2-7b-hf,nlp,21011.295741900936,vlp,False,True,CustomSoftmax,VLPSilu,,,,,,9.0,-4.0,256.0,,,,,,,,
meta-llama/Llama-2-7b-hf,nlp,13953.159578200944,vlp,False,True,CustomSoftmax,VLPSilu,,,,,,9.0,-3.0,256.0,,,,,,,,
meta-llama/Llama-2-7b-hf,nlp,289.9450314510654,vlp,False,True,CustomSoftmax,VLPSilu,,,,,,9.0,-2.0,256.0,,,,,,,,
meta-llama/Llama-2-7b-hf,nlp,13.356917400960237,vlp,False,True,CustomSoftmax,VLPSilu,,,,,,9.0,-1.0,256.0,,,,,,,,
meta-llama/Llama-2-7b-hf,nlp,6.367227966231405,vlp,False,True,CustomSoftmax,VLPSilu,,,,,,9.0,0.0,256.0,,,,,,,,
meta-llama/Llama-2-7b-hf,nlp,5.761247401618443,vlp,False,True,CustomSoftmax,VLPSilu,,,,,,9.0,1.0,256.0,,,,,,,,
meta-llama/Llama-2-7b-hf,nlp,5.759730178684105,vlp,False,True,CustomSoftmax,VLPSilu,,,,,,9.0,2.0,256.0,,,,,,,,
meta-llama/Llama-2-7b-hf,nlp,5.760344926605302,vlp,False,True,CustomSoftmax,VLPSilu,,,,,,9.0,3.0,256.0,,,,,,,,
meta-llama/Llama-2-7b-hf,nlp,5.764484975850067,vlp,False,True,CustomSoftmax,VLPSilu,,,,,,9.0,4.0,256.0,,,,,,,,
meta-llama/Llama-2-7b-hf,nlp,21027.26918069881,vlp,False,True,CustomSoftmax,VLPSilu,,,,,,10.0,-4.0,256.0,,,,,,,,
meta-llama/Llama-2-7b-hf,nlp,13952.794597285229,vlp,False,True,CustomSoftmax,VLPSilu,,,,,,10.0,-3.0,256.0,,,,,,,,
meta-llama/Llama-2-7b-hf,nlp,289.78732361662725,vlp,False,True,CustomSoftmax,VLPSilu,,,,,,10.0,-2.0,256.0,,,,,,,,
meta-llama/Llama-2-7b-hf,nlp,13.350170161378072,vlp,False,True,CustomSoftmax,VLPSilu,,,,,,10.0,-1.0,256.0,,,,,,,,
meta-llama/Llama-2-7b-hf,nlp,6.36723924329898,vlp,False,True,CustomSoftmax,VLPSilu,,,,,,10.0,0.0,256.0,,,,,,,,
meta-llama/Llama-2-7b-hf,nlp,5.761210903527482,vlp,False,True,CustomSoftmax,VLPSilu,,,,,,10.0,1.0,256.0,,,,,,,,
meta-llama/Llama-2-7b-hf,nlp,5.759697221337952,vlp,False,True,CustomSoftmax,VLPSilu,,,,,,10.0,2.0,256.0,,,,,,,,
meta-llama/Llama-2-7b-hf,nlp,5.760425269500865,vlp,False,True,CustomSoftmax,VLPSilu,,,,,,10.0,3.0,256.0,,,,,,,,
meta-llama/Llama-2-7b-hf,nlp,5.760544265372113,vlp,False,True,CustomSoftmax,VLPSilu,,,,,,10.0,4.0,256.0,,,,,,,,
meta-llama/Llama-2-7b-hf,nlp,21022.746245778217,vlp,False,True,CustomSoftmax,VLPSilu,,,,,,11.0,-4.0,256.0,,,,,,,,
meta-llama/Llama-2-7b-hf,nlp,13927.914787769689,vlp,False,True,CustomSoftmax,VLPSilu,,,,,,11.0,-3.0,256.0,,,,,,,,
meta-llama/Llama-2-7b-hf,nlp,290.0303483014239,vlp,False,True,CustomSoftmax,VLPSilu,,,,,,11.0,-2.0,256.0,,,,,,,,
meta-llama/Llama-2-7b-hf,nlp,13.354101202141909,vlp,False,True,CustomSoftmax,VLPSilu,,,,,,11.0,-1.0,256.0,,,,,,,,
meta-llama/Llama-2-7b-hf,nlp,6.36654996924383,vlp,False,True,CustomSoftmax,VLPSilu,,,,,,11.0,0.0,256.0,,,,,,,,
meta-llama/Llama-2-7b-hf,nlp,5.760999670461987,vlp,False,True,CustomSoftmax,VLPSilu,,,,,,11.0,1.0,256.0,,,,,,,,
meta-llama/Llama-2-7b-hf,nlp,5.7596637737479135,vlp,False,True,CustomSoftmax,VLPSilu,,,,,,11.0,2.0,256.0,,,,,,,,
meta-llama/Llama-2-7b-hf,nlp,5.759513997625889,vlp,False,True,CustomSoftmax,VLPSilu,,,,,,11.0,3.0,256.0,,,,,,,,
meta-llama/Llama-2-7b-hf,nlp,5.760043577157204,vlp,False,True,CustomSoftmax,VLPSilu,,,,,,11.0,4.0,256.0,,,,,,,,
meta-llama/Llama-2-7b-hf,nlp,21028.39218801353,vlp,False,True,CustomSoftmax,VLPSilu,,,,,,12.0,-4.0,256.0,,,,,,,,
meta-llama/Llama-2-7b-hf,nlp,13965.306339316125,vlp,False,True,CustomSoftmax,VLPSilu,,,,,,12.0,-3.0,256.0,,,,,,,,
meta-llama/Llama-2-7b-hf,nlp,289.17295028953987,vlp,False,True,CustomSoftmax,VLPSilu,,,,,,12.0,-2.0,256.0,,,,,,,,
meta-llama/Llama-2-7b-hf,nlp,13.35073855358482,vlp,False,True,CustomSoftmax,VLPSilu,,,,,,12.0,-1.0,256.0,,,,,,,,
meta-llama/Llama-2-7b-hf,nlp,6.367196845965844,vlp,False,True,CustomSoftmax,VLPSilu,,,,,,12.0,0.0,256.0,,,,,,,,
meta-llama/Llama-2-7b-hf,nlp,5.761872614497885,vlp,False,True,CustomSoftmax,VLPSilu,,,,,,12.0,1.0,256.0,,,,,,,,
meta-llama/Llama-2-7b-hf,nlp,5.7599350873679,vlp,False,True,CustomSoftmax,VLPSilu,,,,,,12.0,2.0,256.0,,,,,,,,
meta-llama/Llama-2-7b-hf,nlp,5.7601744346489285,vlp,False,True,CustomSoftmax,VLPSilu,,,,,,12.0,3.0,256.0,,,,,,,,
meta-llama/Llama-2-7b-hf,nlp,5.759821400893428,vlp,False,True,CustomSoftmax,VLPSilu,,,,,,12.0,4.0,256.0,,,,,,,,
meta-llama/Llama-2-7b-hf,nlp,5.754751736391811,pwl,True,False,PWLSoftmax,CustomSilu,,,,,,,,,20.0,-16.0,,,,,,
meta-llama/Llama-2-7b-hf,nlp,5.755491313327014,pwl,True,False,PWLSoftmax,CustomSilu,,,,,,,,,20.0,-17.0,,,,,,
meta-llama/Llama-2-7b-hf,nlp,5.756587524294249,pwl,True,False,PWLSoftmax,CustomSilu,,,,,,,,,20.0,-18.0,,,,,,
meta-llama/Llama-2-7b-hf,nlp,5.756809869929857,pwl,True,False,PWLSoftmax,CustomSilu,,,,,,,,,20.0,-19.0,,,,,,
meta-llama/Llama-2-7b-hf,nlp,5.756704480165157,pwl,True,False,PWLSoftmax,CustomSilu,,,,,,,,,20.0,-20.0,,,,,,
meta-llama/Llama-2-7b-hf,nlp,5.761427442627951,pwl,True,False,PWLSoftmax,CustomSilu,,,,,,,,,20.0,-21.0,,,,,,
meta-llama/Llama-2-7b-hf,nlp,5.758429781745555,pwl,True,False,PWLSoftmax,CustomSilu,,,,,,,,,20.0,-22.0,,,,,,
meta-llama/Llama-2-7b-hf,nlp,5.760014541714961,pwl,True,False,PWLSoftmax,CustomSilu,,,,,,,,,20.0,-23.0,,,,,,
meta-llama/Llama-2-7b-hf,nlp,5.759027325684164,pwl,True,False,PWLSoftmax,CustomSilu,,,,,,,,,20.0,-24.0,,,,,,
meta-llama/Llama-2-7b-hf,nlp,5.754753990457527,pwl,True,False,PWLSoftmax,CustomSilu,,,,,,,,,21.0,-16.0,,,,,,
meta-llama/Llama-2-7b-hf,nlp,5.755848100561161,pwl,True,False,PWLSoftmax,CustomSilu,,,,,,,,,21.0,-17.0,,,,,,
meta-llama/Llama-2-7b-hf,nlp,5.755329492122177,pwl,True,False,PWLSoftmax,CustomSilu,,,,,,,,,21.0,-18.0,,,,,,
meta-llama/Llama-2-7b-hf,nlp,5.7557475313715605,pwl,True,False,PWLSoftmax,CustomSilu,,,,,,,,,21.0,-19.0,,,,,,
meta-llama/Llama-2-7b-hf,nlp,5.757514119151033,pwl,True,False,PWLSoftmax,CustomSilu,,,,,,,,,21.0,-20.0,,,,,,
meta-llama/Llama-2-7b-hf,nlp,5.756791830986763,pwl,True,False,PWLSoftmax,CustomSilu,,,,,,,,,21.0,-21.0,,,,,,
meta-llama/Llama-2-7b-hf,nlp,5.758061165424676,pwl,True,False,PWLSoftmax,CustomSilu,,,,,,,,,21.0,-22.0,,,,,,
meta-llama/Llama-2-7b-hf,nlp,5.757939181075438,pwl,True,False,PWLSoftmax,CustomSilu,,,,,,,,,21.0,-23.0,,,,,,
meta-llama/Llama-2-7b-hf,nlp,5.761250148795937,pwl,True,False,PWLSoftmax,CustomSilu,,,,,,,,,21.0,-24.0,,,,,,
meta-llama/Llama-2-7b-hf,nlp,5.754697443075674,pwl,True,False,PWLSoftmax,CustomSilu,,,,,,,,,22.0,-16.0,,,,,,
meta-llama/Llama-2-7b-hf,nlp,5.754844643832204,pwl,True,False,PWLSoftmax,CustomSilu,,,,,,,,,22.0,-17.0,,,,,,
meta-llama/Llama-2-7b-hf,nlp,5.755619028853112,pwl,True,False,PWLSoftmax,CustomSilu,,,,,,,,,22.0,-18.0,,,,,,
meta-llama/Llama-2-7b-hf,nlp,5.755338313269879,pwl,True,False,PWLSoftmax,CustomSilu,,,,,,,,,22.0,-19.0,,,,,,
meta-llama/Llama-2-7b-hf,nlp,5.755866038525255,pwl,True,False,PWLSoftmax,CustomSilu,,,,,,,,,22.0,-20.0,,,,,,
meta-llama/Llama-2-7b-hf,nlp,5.756961634580611,pwl,True,False,PWLSoftmax,CustomSilu,,,,,,,,,22.0,-21.0,,,,,,
meta-llama/Llama-2-7b-hf,nlp,5.756830359884875,pwl,True,False,PWLSoftmax,CustomSilu,,,,,,,,,22.0,-22.0,,,,,,
meta-llama/Llama-2-7b-hf,nlp,5.757975854555057,pwl,True,False,PWLSoftmax,CustomSilu,,,,,,,,,22.0,-23.0,,,,,,
meta-llama/Llama-2-7b-hf,nlp,5.757246057016598,pwl,True,False,PWLSoftmax,CustomSilu,,,,,,,,,22.0,-24.0,,,,,,
meta-llama/Llama-2-7b-hf,nlp,5.7547290977807615,pwl,True,False,PWLSoftmax,CustomSilu,,,,,,,,,23.0,-16.0,,,,,,
meta-llama/Llama-2-7b-hf,nlp,5.754672060636083,pwl,True,False,PWLSoftmax,CustomSilu,,,,,,,,,23.0,-17.0,,,,,,
meta-llama/Llama-2-7b-hf,nlp,5.755537380764853,pwl,True,False,PWLSoftmax,CustomSilu,,,,,,,,,23.0,-18.0,,,,,,
meta-llama/Llama-2-7b-hf,nlp,5.7561398199641225,pwl,True,False,PWLSoftmax,CustomSilu,,,,,,,,,23.0,-19.0,,,,,,
meta-llama/Llama-2-7b-hf,nlp,5.755224227469597,pwl,True,False,PWLSoftmax,CustomSilu,,,,,,,,,23.0,-20.0,,,,,,
meta-llama/Llama-2-7b-hf,nlp,5.755588447440689,pwl,True,False,PWLSoftmax,CustomSilu,,,,,,,,,23.0,-21.0,,,,,,
meta-llama/Llama-2-7b-hf,nlp,5.757159091478108,pwl,True,False,PWLSoftmax,CustomSilu,,,,,,,,,23.0,-22.0,,,,,,
meta-llama/Llama-2-7b-hf,nlp,5.756711538768182,pwl,True,False,PWLSoftmax,CustomSilu,,,,,,,,,23.0,-23.0,,,,,,
meta-llama/Llama-2-7b-hf,nlp,5.756664775684402,pwl,True,False,PWLSoftmax,CustomSilu,,,,,,,,,23.0,-24.0,,,,,,
meta-llama/Llama-2-7b-hf,nlp,5.754587975979577,pwl,True,False,PWLSoftmax,CustomSilu,,,,,,,,,24.0,-16.0,,,,,,
meta-llama/Llama-2-7b-hf,nlp,5.7548978604784295,pwl,True,False,PWLSoftmax,CustomSilu,,,,,,,,,24.0,-17.0,,,,,,
meta-llama/Llama-2-7b-hf,nlp,5.754763594747428,pwl,True,False,PWLSoftmax,CustomSilu,,,,,,,,,24.0,-18.0,,,,,,
meta-llama/Llama-2-7b-hf,nlp,5.755520325968284,pwl,True,False,PWLSoftmax,CustomSilu,,,,,,,,,24.0,-19.0,,,,,,
meta-llama/Llama-2-7b-hf,nlp,5.75585192340128,pwl,True,False,PWLSoftmax,CustomSilu,,,,,,,,,24.0,-20.0,,,,,,
meta-llama/Llama-2-7b-hf,nlp,5.755266568327442,pwl,True,False,PWLSoftmax,CustomSilu,,,,,,,,,24.0,-21.0,,,,,,
meta-llama/Llama-2-7b-hf,nlp,5.755859961175966,pwl,True,False,PWLSoftmax,CustomSilu,,,,,,,,,24.0,-22.0,,,,,,
meta-llama/Llama-2-7b-hf,nlp,5.756928693076149,pwl,True,False,PWLSoftmax,CustomSilu,,,,,,,,,24.0,-23.0,,,,,,
meta-llama/Llama-2-7b-hf,nlp,5.756749674981453,pwl,True,False,PWLSoftmax,CustomSilu,,,,,,,,,24.0,-24.0,,,,,,
meta-llama/Llama-2-7b-hf,nlp,5.754556028052228,pwl,True,False,PWLSoftmax,CustomSilu,,,,,,,,,25.0,-16.0,,,,,,
meta-llama/Llama-2-7b-hf,nlp,5.755671566530733,pwl,True,False,PWLSoftmax,CustomSilu,,,,,,,,,25.0,-17.0,,,,,,
meta-llama/Llama-2-7b-hf,nlp,5.754920989781959,pwl,True,False,PWLSoftmax,CustomSilu,,,,,,,,,25.0,-18.0,,,,,,
meta-llama/Llama-2-7b-hf,nlp,5.754808284307167,pwl,True,False,PWLSoftmax,CustomSilu,,,,,,,,,25.0,-19.0,,,,,,
meta-llama/Llama-2-7b-hf,nlp,5.7555726667112985,pwl,True,False,PWLSoftmax,CustomSilu,,,,,,,,,25.0,-20.0,,,,,,
meta-llama/Llama-2-7b-hf,nlp,5.755875644671088,pwl,True,False,PWLSoftmax,CustomSilu,,,,,,,,,25.0,-21.0,,,,,,
meta-llama/Llama-2-7b-hf,nlp,5.755541693480036,pwl,True,False,PWLSoftmax,CustomSilu,,,,,,,,,25.0,-22.0,,,,,,
meta-llama/Llama-2-7b-hf,nlp,5.756013661270861,pwl,True,False,PWLSoftmax,CustomSilu,,,,,,,,,25.0,-23.0,,,,,,
meta-llama/Llama-2-7b-hf,nlp,5.7574803900907305,pwl,True,False,PWLSoftmax,CustomSilu,,,,,,,,,25.0,-24.0,,,,,,
meta-llama/Llama-2-7b-hf,nlp,5.785859388155524,pwl,False,True,CustomSoftmax,PWLSilu,,,,,,,,,,,20.0,3.0,,,,
meta-llama/Llama-2-7b-hf,nlp,5.769525976322356,pwl,False,True,CustomSoftmax,PWLSilu,,,,,,,,,,,20.0,4.0,,,,
meta-llama/Llama-2-7b-hf,nlp,5.788172509023406,pwl,False,True,CustomSoftmax,PWLSilu,,,,,,,,,,,20.0,5.0,,,,
meta-llama/Llama-2-7b-hf,nlp,5.839907392429313,pwl,False,True,CustomSoftmax,PWLSilu,,,,,,,,,,,20.0,6.0,,,,
meta-llama/Llama-2-7b-hf,nlp,5.903939946324896,pwl,False,True,CustomSoftmax,PWLSilu,,,,,,,,,,,20.0,7.0,,,,
meta-llama/Llama-2-7b-hf,nlp,5.9380570369720544,pwl,False,True,CustomSoftmax,PWLSilu,,,,,,,,,,,20.0,8.0,,,,
meta-llama/Llama-2-7b-hf,nlp,6.234001264073863,pwl,False,True,CustomSoftmax,PWLSilu,,,,,,,,,,,20.0,9.0,,,,
meta-llama/Llama-2-7b-hf,nlp,6.257468056859385,pwl,False,True,CustomSoftmax,PWLSilu,,,,,,,,,,,20.0,10.0,,,,
meta-llama/Llama-2-7b-hf,nlp,6.346300551854905,pwl,False,True,CustomSoftmax,PWLSilu,,,,,,,,,,,20.0,11.0,,,,
meta-llama/Llama-2-7b-hf,nlp,5.786789019361847,pwl,False,True,CustomSoftmax,PWLSilu,,,,,,,,,,,21.0,3.0,,,,
meta-llama/Llama-2-7b-hf,nlp,5.767779473252651,pwl,False,True,CustomSoftmax,PWLSilu,,,,,,,,,,,21.0,4.0,,,,
meta-llama/Llama-2-7b-hf,nlp,5.827915144888185,pwl,False,True,CustomSoftmax,PWLSilu,,,,,,,,,,,21.0,5.0,,,,
meta-llama/Llama-2-7b-hf,nlp,5.948468731247827,pwl,False,True,CustomSoftmax,PWLSilu,,,,,,,,,,,21.0,6.0,,,,
meta-llama/Llama-2-7b-hf,nlp,5.886420748278124,pwl,False,True,CustomSoftmax,PWLSilu,,,,,,,,,,,21.0,7.0,,,,
meta-llama/Llama-2-7b-hf,nlp,6.08229017190432,pwl,False,True,CustomSoftmax,PWLSilu,,,,,,,,,,,21.0,8.0,,,,
meta-llama/Llama-2-7b-hf,nlp,9.084869050577437,pwl,False,True,CustomSoftmax,PWLSilu,,,,,,,,,,,21.0,9.0,,,,
meta-llama/Llama-2-7b-hf,nlp,33.24752053080763,pwl,False,True,CustomSoftmax,PWLSilu,,,,,,,,,,,21.0,10.0,,,,
meta-llama/Llama-2-7b-hf,nlp,9.298334730832403,pwl,False,True,CustomSoftmax,PWLSilu,,,,,,,,,,,21.0,11.0,,,,
meta-llama/Llama-2-7b-hf,nlp,5.784678201422622,pwl,False,True,CustomSoftmax,PWLSilu,,,,,,,,,,,22.0,3.0,,,,
meta-llama/Llama-2-7b-hf,nlp,5.775298362845192,pwl,False,True,CustomSoftmax,PWLSilu,,,,,,,,,,,22.0,4.0,,,,
meta-llama/Llama-2-7b-hf,nlp,5.77623475688151,pwl,False,True,CustomSoftmax,PWLSilu,,,,,,,,,,,22.0,5.0,,,,
meta-llama/Llama-2-7b-hf,nlp,5.799577765920645,pwl,False,True,CustomSoftmax,PWLSilu,,,,,,,,,,,22.0,6.0,,,,
meta-llama/Llama-2-7b-hf,nlp,5.816964903551548,pwl,False,True,CustomSoftmax,PWLSilu,,,,,,,,,,,22.0,7.0,,,,
meta-llama/Llama-2-7b-hf,nlp,6.005264472918602,pwl,False,True,CustomSoftmax,PWLSilu,,,,,,,,,,,22.0,8.0,,,,
meta-llama/Llama-2-7b-hf,nlp,5.961656109473464,pwl,False,True,CustomSoftmax,PWLSilu,,,,,,,,,,,22.0,9.0,,,,
meta-llama/Llama-2-7b-hf,nlp,6.041540948048849,pwl,False,True,CustomSoftmax,PWLSilu,,,,,,,,,,,22.0,10.0,,,,
meta-llama/Llama-2-7b-hf,nlp,6.257461023636306,pwl,False,True,CustomSoftmax,PWLSilu,,,,,,,,,,,22.0,11.0,,,,
meta-llama/Llama-2-7b-hf,nlp,5.783424568916476,pwl,False,True,CustomSoftmax,PWLSilu,,,,,,,,,,,23.0,3.0,,,,
meta-llama/Llama-2-7b-hf,nlp,5.774958367414101,pwl,False,True,CustomSoftmax,PWLSilu,,,,,,,,,,,23.0,4.0,,,,
meta-llama/Llama-2-7b-hf,nlp,5.781832875796996,pwl,False,True,CustomSoftmax,PWLSilu,,,,,,,,,,,23.0,5.0,,,,
meta-llama/Llama-2-7b-hf,nlp,5.817786782630447,pwl,False,True,CustomSoftmax,PWLSilu,,,,,,,,,,,23.0,6.0,,,,
meta-llama/Llama-2-7b-hf,nlp,5.942341305831556,pwl,False,True,CustomSoftmax,PWLSilu,,,,,,,,,,,23.0,7.0,,,,
meta-llama/Llama-2-7b-hf,nlp,6.271247551443347,pwl,False,True,CustomSoftmax,PWLSilu,,,,,,,,,,,23.0,8.0,,,,
meta-llama/Llama-2-7b-hf,nlp,5.969338379690333,pwl,False,True,CustomSoftmax,PWLSilu,,,,,,,,,,,23.0,9.0,,,,
meta-llama/Llama-2-7b-hf,nlp,8.210935889126112,pwl,False,True,CustomSoftmax,PWLSilu,,,,,,,,,,,23.0,10.0,,,,
meta-llama/Llama-2-7b-hf,nlp,33.23702367254822,pwl,False,True,CustomSoftmax,PWLSilu,,,,,,,,,,,23.0,11.0,,,,
meta-llama/Llama-2-7b-hf,nlp,5.782834144711513,pwl,False,True,CustomSoftmax,PWLSilu,,,,,,,,,,,24.0,3.0,,,,
meta-llama/Llama-2-7b-hf,nlp,5.763082611755199,pwl,False,True,CustomSoftmax,PWLSilu,,,,,,,,,,,24.0,4.0,,,,
meta-llama/Llama-2-7b-hf,nlp,5.784509944549288,pwl,False,True,CustomSoftmax,PWLSilu,,,,,,,,,,,24.0,5.0,,,,
meta-llama/Llama-2-7b-hf,nlp,5.787818449263268,pwl,False,True,CustomSoftmax,PWLSilu,,,,,,,,,,,24.0,6.0,,,,
meta-llama/Llama-2-7b-hf,nlp,5.816843355352463,pwl,False,True,CustomSoftmax,PWLSilu,,,,,,,,,,,24.0,7.0,,,,
meta-llama/Llama-2-7b-hf,nlp,5.859703978069929,pwl,False,True,CustomSoftmax,PWLSilu,,,,,,,,,,,24.0,8.0,,,,
meta-llama/Llama-2-7b-hf,nlp,5.913928132262297,pwl,False,True,CustomSoftmax,PWLSilu,,,,,,,,,,,24.0,9.0,,,,
meta-llama/Llama-2-7b-hf,nlp,6.1377460800952255,pwl,False,True,CustomSoftmax,PWLSilu,,,,,,,,,,,24.0,10.0,,,,
meta-llama/Llama-2-7b-hf,nlp,6.012351805839725,pwl,False,True,CustomSoftmax,PWLSilu,,,,,,,,,,,24.0,11.0,,,,
meta-llama/Llama-2-7b-hf,nlp,5.784080852572159,pwl,False,True,CustomSoftmax,PWLSilu,,,,,,,,,,,25.0,3.0,,,,
meta-llama/Llama-2-7b-hf,nlp,5.762795251203027,pwl,False,True,CustomSoftmax,PWLSilu,,,,,,,,,,,25.0,4.0,,,,
meta-llama/Llama-2-7b-hf,nlp,5.774327899503814,pwl,False,True,CustomSoftmax,PWLSilu,,,,,,,,,,,25.0,5.0,,,,
meta-llama/Llama-2-7b-hf,nlp,5.819155980291608,pwl,False,True,CustomSoftmax,PWLSilu,,,,,,,,,,,25.0,6.0,,,,
meta-llama/Llama-2-7b-hf,nlp,5.840887683761836,pwl,False,True,CustomSoftmax,PWLSilu,,,,,,,,,,,25.0,7.0,,,,
meta-llama/Llama-2-7b-hf,nlp,5.856903737050148,pwl,False,True,CustomSoftmax,PWLSilu,,,,,,,,,,,25.0,8.0,,,,
meta-llama/Llama-2-7b-hf,nlp,6.951502173836289,pwl,False,True,CustomSoftmax,PWLSilu,,,,,,,,,,,25.0,9.0,,,,
meta-llama/Llama-2-7b-hf,nlp,6.995632687540073,pwl,False,True,CustomSoftmax,PWLSilu,,,,,,,,,,,25.0,10.0,,,,
meta-llama/Llama-2-7b-hf,nlp,7.526495932282679,pwl,False,True,CustomSoftmax,PWLSilu,,,,,,,,,,,25.0,11.0,,,,
meta-llama/Llama-2-7b-hf,nlp,6.095911877950001,pwl_mobilenet,False,True,CustomSoftmax,PWLMobilenet,,,,,,,,,,,,,,,,
meta-llama/Llama-2-7b-hf,nlp,9.23001347425732,taylor,True,False,TaylorSoftmax,CustomSilu,,,,,,,,,,,,,-9.0,5.0,,
meta-llama/Llama-2-7b-hf,nlp,6.977662385396395,taylor,True,False,TaylorSoftmax,CustomSilu,,,,,,,,,,,,,-9.0,6.0,,
meta-llama/Llama-2-7b-hf,nlp,6.11206428946039,taylor,True,False,TaylorSoftmax,CustomSilu,,,,,,,,,,,,,-9.0,7.0,,
meta-llama/Llama-2-7b-hf,nlp,5.912026159774795,taylor,True,False,TaylorSoftmax,CustomSilu,,,,,,,,,,,,,-9.0,8.0,,
meta-llama/Llama-2-7b-hf,nlp,5.839248851596606,taylor,True,False,TaylorSoftmax,CustomSilu,,,,,,,,,,,,,-9.0,9.0,,
meta-llama/Llama-2-7b-hf,nlp,5.806503335701744,taylor,True,False,TaylorSoftmax,CustomSilu,,,,,,,,,,,,,-9.0,10.0,,
meta-llama/Llama-2-7b-hf,nlp,7.475573241440615,taylor,True,False,TaylorSoftmax,CustomSilu,,,,,,,,,,,,,-8.0,5.0,,
meta-llama/Llama-2-7b-hf,nlp,6.186735527830543,taylor,True,False,TaylorSoftmax,CustomSilu,,,,,,,,,,,,,-8.0,6.0,,
meta-llama/Llama-2-7b-hf,nlp,5.924324255261785,taylor,True,False,TaylorSoftmax,CustomSilu,,,,,,,,,,,,,-8.0,7.0,,
meta-llama/Llama-2-7b-hf,nlp,5.83994080874306,taylor,True,False,TaylorSoftmax,CustomSilu,,,,,,,,,,,,,-8.0,8.0,,
meta-llama/Llama-2-7b-hf,nlp,5.804887200134547,taylor,True,False,TaylorSoftmax,CustomSilu,,,,,,,,,,,,,-8.0,9.0,,
meta-llama/Llama-2-7b-hf,nlp,5.790275924534848,taylor,True,False,TaylorSoftmax,CustomSilu,,,,,,,,,,,,,-8.0,10.0,,
meta-llama/Llama-2-7b-hf,nlp,6.311872044808065,taylor,True,False,TaylorSoftmax,CustomSilu,,,,,,,,,,,,,-7.0,5.0,,
meta-llama/Llama-2-7b-hf,nlp,5.939173253072382,taylor,True,False,TaylorSoftmax,CustomSilu,,,,,,,,,,,,,-7.0,6.0,,
meta-llama/Llama-2-7b-hf,nlp,5.842853536263647,taylor,True,False,TaylorSoftmax,CustomSilu,,,,,,,,,,,,,-7.0,7.0,,
meta-llama/Llama-2-7b-hf,nlp,5.804160155082274,taylor,True,False,TaylorSoftmax,CustomSilu,,,,,,,,,,,,,-7.0,8.0,,
meta-llama/Llama-2-7b-hf,nlp,5.789289930380893,taylor,True,False,TaylorSoftmax,CustomSilu,,,,,,,,,,,,,-7.0,9.0,,
meta-llama/Llama-2-7b-hf,nlp,5.783178444811304,taylor,True,False,TaylorSoftmax,CustomSilu,,,,,,,,,,,,,-7.0,10.0,,
meta-llama/Llama-2-7b-hf,nlp,5.9605911926765485,taylor,True,False,TaylorSoftmax,CustomSilu,,,,,,,,,,,,,-6.0,5.0,,
meta-llama/Llama-2-7b-hf,nlp,5.844248737717662,taylor,True,False,TaylorSoftmax,CustomSilu,,,,,,,,,,,,,-6.0,6.0,,
meta-llama/Llama-2-7b-hf,nlp,5.803379832121309,taylor,True,False,TaylorSoftmax,CustomSilu,,,,,,,,,,,,,-6.0,7.0,,
meta-llama/Llama-2-7b-hf,nlp,5.788039635505534,taylor,True,False,TaylorSoftmax,CustomSilu,,,,,,,,,,,,,-6.0,8.0,,
meta-llama/Llama-2-7b-hf,nlp,5.782709272052137,taylor,True,False,TaylorSoftmax,CustomSilu,,,,,,,,,,,,,-6.0,9.0,,
meta-llama/Llama-2-7b-hf,nlp,5.781026019398989,taylor,True,False,TaylorSoftmax,CustomSilu,,,,,,,,,,,,,-6.0,10.0,,
meta-llama/Llama-2-7b-hf,nlp,5.859166832237938,taylor,True,False,TaylorSoftmax,CustomSilu,,,,,,,,,,,,,-5.0,5.0,,
meta-llama/Llama-2-7b-hf,nlp,5.810181013040691,taylor,True,False,TaylorSoftmax,CustomSilu,,,,,,,,,,,,,-5.0,6.0,,
meta-llama/Llama-2-7b-hf,nlp,5.775999070304752,taylor,True,False,TaylorSoftmax,CustomSilu,,,,,,,,,,,,,-5.0,7.0,,
meta-llama/Llama-2-7b-hf,nlp,5.7818717692184975,taylor,True,False,TaylorSoftmax,CustomSilu,,,,,,,,,,,,,-5.0,8.0,,
meta-llama/Llama-2-7b-hf,nlp,5.7805603682991,taylor,True,False,TaylorSoftmax,CustomSilu,,,,,,,,,,,,,-5.0,9.0,,
meta-llama/Llama-2-7b-hf,nlp,5.780377760612348,taylor,True,False,TaylorSoftmax,CustomSilu,,,,,,,,,,,,,-5.0,10.0,,
meta-llama/Llama-2-7b-hf,nlp,5.874562380160228,taylor,True,False,TaylorSoftmax,CustomSilu,,,,,,,,,,,,,-4.0,5.0,,
meta-llama/Llama-2-7b-hf,nlp,5.810688929128243,taylor,True,False,TaylorSoftmax,CustomSilu,,,,,,,,,,,,,-4.0,6.0,,
meta-llama/Llama-2-7b-hf,nlp,5.8020777813530575,taylor,True,False,TaylorSoftmax,CustomSilu,,,,,,,,,,,,,-4.0,7.0,,
meta-llama/Llama-2-7b-hf,nlp,5.796772792421499,taylor,True,False,TaylorSoftmax,CustomSilu,,,,,,,,,,,,,-4.0,8.0,,
meta-llama/Llama-2-7b-hf,nlp,5.780852454149652,taylor,True,False,TaylorSoftmax,CustomSilu,,,,,,,,,,,,,-4.0,9.0,,
meta-llama/Llama-2-7b-hf,nlp,5.77912309172274,taylor,True,False,TaylorSoftmax,CustomSilu,,,,,,,,,,,,,-4.0,10.0,,
meta-llama/Llama-2-7b-hf,nlp,5.988870663488074,taylor,True,False,TaylorSoftmax,CustomSilu,,,,,,,,,,,,,-3.0,5.0,,
meta-llama/Llama-2-7b-hf,nlp,5.881306559094174,taylor,True,False,TaylorSoftmax,CustomSilu,,,,,,,,,,,,,-3.0,6.0,,
meta-llama/Llama-2-7b-hf,nlp,5.870134536929571,taylor,True,False,TaylorSoftmax,CustomSilu,,,,,,,,,,,,,-3.0,7.0,,
meta-llama/Llama-2-7b-hf,nlp,5.836278882358045,taylor,True,False,TaylorSoftmax,CustomSilu,,,,,,,,,,,,,-3.0,8.0,,
meta-llama/Llama-2-7b-hf,nlp,5.824585009099771,taylor,True,False,TaylorSoftmax,CustomSilu,,,,,,,,,,,,,-3.0,9.0,,
meta-llama/Llama-2-7b-hf,nlp,5.807282001803017,taylor,True,False,TaylorSoftmax,CustomSilu,,,,,,,,,,,,,-3.0,10.0,,
meta-llama/Llama-2-7b-hf,nlp,6.27652434487118,taylor,True,False,TaylorSoftmax,CustomSilu,,,,,,,,,,,,,-2.0,5.0,,
meta-llama/Llama-2-7b-hf,nlp,6.095743288358116,taylor,True,False,TaylorSoftmax,CustomSilu,,,,,,,,,,,,,-2.0,6.0,,
meta-llama/Llama-2-7b-hf,nlp,6.056965953649596,taylor,True,False,TaylorSoftmax,CustomSilu,,,,,,,,,,,,,-2.0,7.0,,
meta-llama/Llama-2-7b-hf,nlp,5.898647196832897,taylor,True,False,TaylorSoftmax,CustomSilu,,,,,,,,,,,,,-2.0,8.0,,
meta-llama/Llama-2-7b-hf,nlp,5.925237890456232,taylor,True,False,TaylorSoftmax,CustomSilu,,,,,,,,,,,,,-2.0,9.0,,
meta-llama/Llama-2-7b-hf,nlp,5.84877398924593,taylor,True,False,TaylorSoftmax,CustomSilu,,,,,,,,,,,,,-2.0,10.0,,
meta-llama/Llama-2-7b-hf,nlp,3969.70142336492,taylor,True,False,TaylorSoftmax,CustomSilu,,,,,,,,,,,,,-1.0,5.0,,
meta-llama/Llama-2-7b-hf,nlp,3969.70142336492,taylor,True,False,TaylorSoftmax,CustomSilu,,,,,,,,,,,,,-1.0,6.0,,
meta-llama/Llama-2-7b-hf,nlp,3969.70142336492,taylor,True,False,TaylorSoftmax,CustomSilu,,,,,,,,,,,,,-1.0,7.0,,
meta-llama/Llama-2-7b-hf,nlp,3969.70142336492,taylor,True,False,TaylorSoftmax,CustomSilu,,,,,,,,,,,,,-1.0,8.0,,
meta-llama/Llama-2-7b-hf,nlp,3969.70142336492,taylor,True,False,TaylorSoftmax,CustomSilu,,,,,,,,,,,,,-1.0,9.0,,
meta-llama/Llama-2-7b-hf,nlp,3969.70142336492,taylor,True,False,TaylorSoftmax,CustomSilu,,,,,,,,,,,,,-1.0,10.0,,
meta-llama/Llama-2-7b-hf,nlp,3957.012807116079,taylor,True,False,TaylorSoftmax,CustomSilu,,,,,,,,,,,,,0.0,5.0,,
meta-llama/Llama-2-7b-hf,nlp,3957.012807116079,taylor,True,False,TaylorSoftmax,CustomSilu,,,,,,,,,,,,,0.0,6.0,,
meta-llama/Llama-2-7b-hf,nlp,3957.012807116079,taylor,True,False,TaylorSoftmax,CustomSilu,,,,,,,,,,,,,0.0,7.0,,
meta-llama/Llama-2-7b-hf,nlp,3957.012807116079,taylor,True,False,TaylorSoftmax,CustomSilu,,,,,,,,,,,,,0.0,8.0,,
meta-llama/Llama-2-7b-hf,nlp,3957.012807116079,taylor,True,False,TaylorSoftmax,CustomSilu,,,,,,,,,,,,,0.0,9.0,,
meta-llama/Llama-2-7b-hf,nlp,3957.012807116079,taylor,True,False,TaylorSoftmax,CustomSilu,,,,,,,,,,,,,0.0,10.0,,
meta-llama/Llama-2-7b-hf,nlp,8429.597668386063,taylor,True,False,TaylorSoftmax,CustomSilu,,,,,,,,,,,,,1.0,5.0,,
meta-llama/Llama-2-7b-hf,nlp,3983.5008053488127,taylor,True,False,TaylorSoftmax,CustomSilu,,,,,,,,,,,,,1.0,6.0,,
meta-llama/Llama-2-7b-hf,nlp,8351.378422550897,taylor,True,False,TaylorSoftmax,CustomSilu,,,,,,,,,,,,,1.0,7.0,,
meta-llama/Llama-2-7b-hf,nlp,3983.5008053488127,taylor,True,False,TaylorSoftmax,CustomSilu,,,,,,,,,,,,,1.0,8.0,,
meta-llama/Llama-2-7b-hf,nlp,8351.378422550897,taylor,True,False,TaylorSoftmax,CustomSilu,,,,,,,,,,,,,1.0,9.0,,
meta-llama/Llama-2-7b-hf,nlp,3983.5008053488127,taylor,True,False,TaylorSoftmax,CustomSilu,,,,,,,,,,,,,1.0,10.0,,
meta-llama/Llama-2-7b-hf,nlp,8351.378422550897,taylor,True,False,TaylorSoftmax,CustomSilu,,,,,,,,,,,,,2.0,5.0,,
meta-llama/Llama-2-7b-hf,nlp,3953.718120792051,taylor,True,False,TaylorSoftmax,CustomSilu,,,,,,,,,,,,,2.0,6.0,,
meta-llama/Llama-2-7b-hf,nlp,8333.324250680744,taylor,True,False,TaylorSoftmax,CustomSilu,,,,,,,,,,,,,2.0,7.0,,
meta-llama/Llama-2-7b-hf,nlp,3998.06490830367,taylor,True,False,TaylorSoftmax,CustomSilu,,,,,,,,,,,,,2.0,8.0,,
meta-llama/Llama-2-7b-hf,nlp,8327.413573523736,taylor,True,False,TaylorSoftmax,CustomSilu,,,,,,,,,,,,,2.0,9.0,,
meta-llama/Llama-2-7b-hf,nlp,4010.4911991305416,taylor,True,False,TaylorSoftmax,CustomSilu,,,,,,,,,,,,,2.0,10.0,,
meta-llama/Llama-2-7b-hf,nlp,,vlp,True,False,VLPSoftmax,CustomSilu,8.0,4.0,-8.0,256.0,min,,,,,,,,,,,
meta-llama/Llama-2-7b-hf,nlp,12.947957034009669,vlp,True,False,VLPSoftmax,CustomSilu,8.0,4.0,-7.0,256.0,min,,,,,,,,,,,
meta-llama/Llama-2-7b-hf,nlp,6.714787735243895,vlp,True,False,VLPSoftmax,CustomSilu,8.0,4.0,-6.0,256.0,min,,,,,,,,,,,
meta-llama/Llama-2-7b-hf,nlp,6.281670144996944,vlp,True,False,VLPSoftmax,CustomSilu,8.0,4.0,-5.0,256.0,min,,,,,,,,,,,
meta-llama/Llama-2-7b-hf,nlp,6.89253900733442,vlp,True,False,VLPSoftmax,CustomSilu,8.0,4.0,-4.0,256.0,min,,,,,,,,,,,
meta-llama/Llama-2-7b-hf,nlp,6.926057127660295,vlp,True,False,VLPSoftmax,CustomSilu,8.0,4.0,-3.0,256.0,min,,,,,,,,,,,
meta-llama/Llama-2-7b-hf,nlp,7.054465197174719,vlp,True,False,VLPSoftmax,CustomSilu,8.0,4.0,-2.0,256.0,min,,,,,,,,,,,
meta-llama/Llama-2-7b-hf,nlp,7.530992773080365,vlp,True,False,VLPSoftmax,CustomSilu,8.0,4.0,-1.0,256.0,min,,,,,,,,,,,
meta-llama/Llama-2-7b-hf,nlp,9.863546381341862,vlp,True,False,VLPSoftmax,CustomSilu,8.0,4.0,0.0,256.0,min,,,,,,,,,,,
meta-llama/Llama-2-7b-hf,nlp,33.45868516924993,vlp,True,False,VLPSoftmax,CustomSilu,8.0,4.0,1.0,256.0,min,,,,,,,,,,,
meta-llama/Llama-2-7b-hf,nlp,132.71929292726944,vlp,True,False,VLPSoftmax,CustomSilu,8.0,4.0,2.0,256.0,min,,,,,,,,,,,
meta-llama/Llama-2-7b-hf,nlp,12.953487753435205,vlp,True,False,VLPSoftmax,CustomSilu,9.0,4.0,-8.0,256.0,min,,,,,,,,,,,
meta-llama/Llama-2-7b-hf,nlp,6.724633691750637,vlp,True,False,VLPSoftmax,CustomSilu,9.0,4.0,-7.0,256.0,min,,,,,,,,,,,
meta-llama/Llama-2-7b-hf,nlp,6.321360049489764,vlp,True,False,VLPSoftmax,CustomSilu,9.0,4.0,-6.0,256.0,min,,,,,,,,,,,
meta-llama/Llama-2-7b-hf,nlp,6.9007288409013645,vlp,True,False,VLPSoftmax,CustomSilu,9.0,4.0,-5.0,256.0,min,,,,,,,,,,,
meta-llama/Llama-2-7b-hf,nlp,6.892587132990729,vlp,True,False,VLPSoftmax,CustomSilu,9.0,4.0,-4.0,256.0,min,,,,,,,,,,,
meta-llama/Llama-2-7b-hf,nlp,6.926057127660295,vlp,True,False,VLPSoftmax,CustomSilu,9.0,4.0,-3.0,256.0,min,,,,,,,,,,,
meta-llama/Llama-2-7b-hf,nlp,7.054465197174719,vlp,True,False,VLPSoftmax,CustomSilu,9.0,4.0,-2.0,256.0,min,,,,,,,,,,,
meta-llama/Llama-2-7b-hf,nlp,7.530992773080365,vlp,True,False,VLPSoftmax,CustomSilu,9.0,4.0,-1.0,256.0,min,,,,,,,,,,,
meta-llama/Llama-2-7b-hf,nlp,9.863546381341862,vlp,True,False,VLPSoftmax,CustomSilu,9.0,4.0,0.0,256.0,min,,,,,,,,,,,
meta-llama/Llama-2-7b-hf,nlp,33.45868516924993,vlp,True,False,VLPSoftmax,CustomSilu,9.0,4.0,1.0,256.0,min,,,,,,,,,,,
meta-llama/Llama-2-7b-hf,nlp,132.71929292726944,vlp,True,False,VLPSoftmax,CustomSilu,9.0,4.0,2.0,256.0,min,,,,,,,,,,,
meta-llama/Llama-2-7b-hf,nlp,6.734945855678824,vlp,True,False,VLPSoftmax,CustomSilu,10.0,4.0,-8.0,256.0,min,,,,,,,,,,,
meta-llama/Llama-2-7b-hf,nlp,6.49698261838351,vlp,True,False,VLPSoftmax,CustomSilu,10.0,4.0,-7.0,256.0,min,,,,,,,,,,,
meta-llama/Llama-2-7b-hf,nlp,8.22698111905294,vlp,True,False,VLPSoftmax,CustomSilu,10.0,4.0,-6.0,256.0,min,,,,,,,,,,,
meta-llama/Llama-2-7b-hf,nlp,6.898328468711785,vlp,True,False,VLPSoftmax,CustomSilu,10.0,4.0,-5.0,256.0,min,,,,,,,,,,,
meta-llama/Llama-2-7b-hf,nlp,6.89263349827011,vlp,True,False,VLPSoftmax,CustomSilu,10.0,4.0,-4.0,256.0,min,,,,,,,,,,,
meta-llama/Llama-2-7b-hf,nlp,6.926057127660295,vlp,True,False,VLPSoftmax,CustomSilu,10.0,4.0,-3.0,256.0,min,,,,,,,,,,,
meta-llama/Llama-2-7b-hf,nlp,7.054465197174719,vlp,True,False,VLPSoftmax,CustomSilu,10.0,4.0,-2.0,256.0,min,,,,,,,,,,,
meta-llama/Llama-2-7b-hf,nlp,7.530992773080365,vlp,True,False,VLPSoftmax,CustomSilu,10.0,4.0,-1.0,256.0,min,,,,,,,,,,,
meta-llama/Llama-2-7b-hf,nlp,9.863546381341862,vlp,True,False,VLPSoftmax,CustomSilu,10.0,4.0,0.0,256.0,min,,,,,,,,,,,
meta-llama/Llama-2-7b-hf,nlp,33.45868516924993,vlp,True,False,VLPSoftmax,CustomSilu,10.0,4.0,1.0,256.0,min,,,,,,,,,,,
meta-llama/Llama-2-7b-hf,nlp,132.71929292726944,vlp,True,False,VLPSoftmax,CustomSilu,10.0,4.0,2.0,256.0,min,,,,,,,,,,,
meta-llama/Llama-2-7b-hf,nlp,6.628583226162756,vlp,True,False,VLPSoftmax,CustomSilu,11.0,4.0,-8.0,256.0,min,,,,,,,,,,,
meta-llama/Llama-2-7b-hf,nlp,15.531642439569394,vlp,True,False,VLPSoftmax,CustomSilu,11.0,4.0,-7.0,256.0,min,,,,,,,,,,,
meta-llama/Llama-2-7b-hf,nlp,8.279565391126292,vlp,True,False,VLPSoftmax,CustomSilu,11.0,4.0,-6.0,256.0,min,,,,,,,,,,,
meta-llama/Llama-2-7b-hf,nlp,6.898051109122457,vlp,True,False,VLPSoftmax,CustomSilu,11.0,4.0,-5.0,256.0,min,,,,,,,,,,,
meta-llama/Llama-2-7b-hf,nlp,6.892584433249894,vlp,True,False,VLPSoftmax,CustomSilu,11.0,4.0,-4.0,256.0,min,,,,,,,,,,,
meta-llama/Llama-2-7b-hf,nlp,6.926057127660295,vlp,True,False,VLPSoftmax,CustomSilu,11.0,4.0,-3.0,256.0,min,,,,,,,,,,,
meta-llama/Llama-2-7b-hf,nlp,7.054465197174719,vlp,True,False,VLPSoftmax,CustomSilu,11.0,4.0,-2.0,256.0,min,,,,,,,,,,,
meta-llama/Llama-2-7b-hf,nlp,7.530992773080365,vlp,True,False,VLPSoftmax,CustomSilu,11.0,4.0,-1.0,256.0,min,,,,,,,,,,,
meta-llama/Llama-2-7b-hf,nlp,9.863546381341862,vlp,True,False,VLPSoftmax,CustomSilu,11.0,4.0,0.0,256.0,min,,,,,,,,,,,
meta-llama/Llama-2-7b-hf,nlp,33.45868516924993,vlp,True,False,VLPSoftmax,CustomSilu,11.0,4.0,1.0,256.0,min,,,,,,,,,,,
meta-llama/Llama-2-7b-hf,nlp,132.71929292726944,vlp,True,False,VLPSoftmax,CustomSilu,11.0,4.0,2.0,256.0,min,,,,,,,,,,,
meta-llama/Llama-2-7b-hf,nlp,17.4033701494816,vlp,True,False,VLPSoftmax,CustomSilu,12.0,4.0,-8.0,256.0,min,,,,,,,,,,,
meta-llama/Llama-2-7b-hf,nlp,18.83115948754892,vlp,True,False,VLPSoftmax,CustomSilu,12.0,4.0,-7.0,256.0,min,,,,,,,,,,,
meta-llama/Llama-2-7b-hf,nlp,8.276557276332051,vlp,True,False,VLPSoftmax,CustomSilu,12.0,4.0,-6.0,256.0,min,,,,,,,,,,,
meta-llama/Llama-2-7b-hf,nlp,6.898017159477128,vlp,True,False,VLPSoftmax,CustomSilu,12.0,4.0,-5.0,256.0,min,,,,,,,,,,,
meta-llama/Llama-2-7b-hf,nlp,6.892584433249894,vlp,True,False,VLPSoftmax,CustomSilu,12.0,4.0,-4.0,256.0,min,,,,,,,,,,,
meta-llama/Llama-2-7b-hf,nlp,6.926057127660295,vlp,True,False,VLPSoftmax,CustomSilu,12.0,4.0,-3.0,256.0,min,,,,,,,,,,,
meta-llama/Llama-2-7b-hf,nlp,7.054465197174719,vlp,True,False,VLPSoftmax,CustomSilu,12.0,4.0,-2.0,256.0,min,,,,,,,,,,,
meta-llama/Llama-2-7b-hf,nlp,7.530992773080365,vlp,True,False,VLPSoftmax,CustomSilu,12.0,4.0,-1.0,256.0,min,,,,,,,,,,,
meta-llama/Llama-2-7b-hf,nlp,9.863546381341862,vlp,True,False,VLPSoftmax,CustomSilu,12.0,4.0,0.0,256.0,min,,,,,,,,,,,
meta-llama/Llama-2-7b-hf,nlp,33.45868516924993,vlp,True,False,VLPSoftmax,CustomSilu,12.0,4.0,1.0,256.0,min,,,,,,,,,,,
meta-llama/Llama-2-7b-hf,nlp,132.71929292726944,vlp,True,False,VLPSoftmax,CustomSilu,12.0,4.0,2.0,256.0,min,,,,,,,,,,,
meta-llama/Llama-2-7b-hf,nlp,24.147450257698477,vlp,False,True,CustomSoftmax,VLPSilu,,,,,,8.0,4.0,256.0,,,,,,,-8.0,min
meta-llama/Llama-2-7b-hf,nlp,11.46777034892526,vlp,False,True,CustomSoftmax,VLPSilu,,,,,,8.0,4.0,256.0,,,,,,,-7.0,min
meta-llama/Llama-2-7b-hf,nlp,6.695196742486993,vlp,False,True,CustomSoftmax,VLPSilu,,,,,,8.0,4.0,256.0,,,,,,,-6.0,min
meta-llama/Llama-2-7b-hf,nlp,5.943629081949412,vlp,False,True,CustomSoftmax,VLPSilu,,,,,,8.0,4.0,256.0,,,,,,,-5.0,min
meta-llama/Llama-2-7b-hf,nlp,5.812572158401275,vlp,False,True,CustomSoftmax,VLPSilu,,,,,,8.0,4.0,256.0,,,,,,,-4.0,min
meta-llama/Llama-2-7b-hf,nlp,5.806548130400137,vlp,False,True,CustomSoftmax,VLPSilu,,,,,,8.0,4.0,256.0,,,,,,,-3.0,min
meta-llama/Llama-2-7b-hf,nlp,6.066036073314498,vlp,False,True,CustomSoftmax,VLPSilu,,,,,,8.0,4.0,256.0,,,,,,,-2.0,min
meta-llama/Llama-2-7b-hf,nlp,44.263016410231536,vlp,False,True,CustomSoftmax,VLPSilu,,,,,,8.0,4.0,256.0,,,,,,,-1.0,min
meta-llama/Llama-2-7b-hf,nlp,7679.779745198042,vlp,False,True,CustomSoftmax,VLPSilu,,,,,,8.0,4.0,256.0,,,,,,,0.0,min
meta-llama/Llama-2-7b-hf,nlp,,vlp,False,True,CustomSoftmax,VLPSilu,,,,,,8.0,4.0,256.0,,,,,,,1.0,min
meta-llama/Llama-2-7b-hf,nlp,36001.99879830136,vlp,False,True,CustomSoftmax,VLPSilu,,,,,,8.0,4.0,256.0,,,,,,,2.0,min
meta-llama/Llama-2-7b-hf,nlp,21.798267661231367,vlp,False,True,CustomSoftmax,VLPSilu,,,,,,9.0,4.0,256.0,,,,,,,-8.0,min
meta-llama/Llama-2-7b-hf,nlp,10.278495441186472,vlp,False,True,CustomSoftmax,VLPSilu,,,,,,9.0,4.0,256.0,,,,,,,-7.0,min
meta-llama/Llama-2-7b-hf,nlp,6.5747036915524495,vlp,False,True,CustomSoftmax,VLPSilu,,,,,,9.0,4.0,256.0,,,,,,,-6.0,min
meta-llama/Llama-2-7b-hf,nlp,5.897639434337085,vlp,False,True,CustomSoftmax,VLPSilu,,,,,,9.0,4.0,256.0,,,,,,,-5.0,min
meta-llama/Llama-2-7b-hf,nlp,5.769568618907687,vlp,False,True,CustomSoftmax,VLPSilu,,,,,,9.0,4.0,256.0,,,,,,,-4.0,min
meta-llama/Llama-2-7b-hf,nlp,5.795458998724145,vlp,False,True,CustomSoftmax,VLPSilu,,,,,,9.0,4.0,256.0,,,,,,,-3.0,min
meta-llama/Llama-2-7b-hf,nlp,7.0568445477766755,vlp,False,True,CustomSoftmax,VLPSilu,,,,,,9.0,4.0,256.0,,,,,,,-2.0,min
meta-llama/Llama-2-7b-hf,nlp,157.73044646964885,vlp,False,True,CustomSoftmax,VLPSilu,,,,,,9.0,4.0,256.0,,,,,,,-1.0,min
meta-llama/Llama-2-7b-hf,nlp,,vlp,False,True,CustomSoftmax,VLPSilu,,,,,,9.0,4.0,256.0,,,,,,,0.0,min
meta-llama/Llama-2-7b-hf,nlp,,vlp,False,True,CustomSoftmax,VLPSilu,,,,,,9.0,4.0,256.0,,,,,,,1.0,min
meta-llama/Llama-2-7b-hf,nlp,43249.940883305055,vlp,False,True,CustomSoftmax,VLPSilu,,,,,,9.0,4.0,256.0,,,,,,,2.0,min
meta-llama/Llama-2-7b-hf,nlp,21.795630657628386,vlp,False,True,CustomSoftmax,VLPSilu,,,,,,10.0,4.0,256.0,,,,,,,-8.0,min
meta-llama/Llama-2-7b-hf,nlp,10.208184183278153,vlp,False,True,CustomSoftmax,VLPSilu,,,,,,10.0,4.0,256.0,,,,,,,-7.0,min
meta-llama/Llama-2-7b-hf,nlp,6.568890609035798,vlp,False,True,CustomSoftmax,VLPSilu,,,,,,10.0,4.0,256.0,,,,,,,-6.0,min
meta-llama/Llama-2-7b-hf,nlp,5.893755740946154,vlp,False,True,CustomSoftmax,VLPSilu,,,,,,10.0,4.0,256.0,,,,,,,-5.0,min
meta-llama/Llama-2-7b-hf,nlp,5.771485011138428,vlp,False,True,CustomSoftmax,VLPSilu,,,,,,10.0,4.0,256.0,,,,,,,-4.0,min
meta-llama/Llama-2-7b-hf,nlp,5.870688684573856,vlp,False,True,CustomSoftmax,VLPSilu,,,,,,10.0,4.0,256.0,,,,,,,-3.0,min
meta-llama/Llama-2-7b-hf,nlp,9.713909106659507,vlp,False,True,CustomSoftmax,VLPSilu,,,,,,10.0,4.0,256.0,,,,,,,-2.0,min
meta-llama/Llama-2-7b-hf,nlp,292.1052791540216,vlp,False,True,CustomSoftmax,VLPSilu,,,,,,10.0,4.0,256.0,,,,,,,-1.0,min
meta-llama/Llama-2-7b-hf,nlp,,vlp,False,True,CustomSoftmax,VLPSilu,,,,,,10.0,4.0,256.0,,,,,,,0.0,min
meta-llama/Llama-2-7b-hf,nlp,,vlp,False,True,CustomSoftmax,VLPSilu,,,,,,10.0,4.0,256.0,,,,,,,1.0,min
meta-llama/Llama-2-7b-hf,nlp,49249.421249215986,vlp,False,True,CustomSoftmax,VLPSilu,,,,,,10.0,4.0,256.0,,,,,,,2.0,min
meta-llama/Llama-2-7b-hf,nlp,21.413886319122593,vlp,False,True,CustomSoftmax,VLPSilu,,,,,,11.0,4.0,256.0,,,,,,,-8.0,min
meta-llama/Llama-2-7b-hf,nlp,10.137093938907267,vlp,False,True,CustomSoftmax,VLPSilu,,,,,,11.0,4.0,256.0,,,,,,,-7.0,min
meta-llama/Llama-2-7b-hf,nlp,6.569063446659453,vlp,False,True,CustomSoftmax,VLPSilu,,,,,,11.0,4.0,256.0,,,,,,,-6.0,min
meta-llama/Llama-2-7b-hf,nlp,5.898980711426611,vlp,False,True,CustomSoftmax,VLPSilu,,,,,,11.0,4.0,256.0,,,,,,,-5.0,min
meta-llama/Llama-2-7b-hf,nlp,5.7811516433293155,vlp,False,True,CustomSoftmax,VLPSilu,,,,,,11.0,4.0,256.0,,,,,,,-4.0,min
meta-llama/Llama-2-7b-hf,nlp,5.946507142425247,vlp,False,True,CustomSoftmax,VLPSilu,,,,,,11.0,4.0,256.0,,,,,,,-3.0,min
meta-llama/Llama-2-7b-hf,nlp,12.511864699322473,vlp,False,True,CustomSoftmax,VLPSilu,,,,,,11.0,4.0,256.0,,,,,,,-2.0,min
meta-llama/Llama-2-7b-hf,nlp,379.3787099939156,vlp,False,True,CustomSoftmax,VLPSilu,,,,,,11.0,4.0,256.0,,,,,,,-1.0,min
meta-llama/Llama-2-7b-hf,nlp,,vlp,False,True,CustomSoftmax,VLPSilu,,,,,,11.0,4.0,256.0,,,,,,,0.0,min
meta-llama/Llama-2-7b-hf,nlp,,vlp,False,True,CustomSoftmax,VLPSilu,,,,,,11.0,4.0,256.0,,,,,,,1.0,min
meta-llama/Llama-2-7b-hf,nlp,54438.65261029283,vlp,False,True,CustomSoftmax,VLPSilu,,,,,,11.0,4.0,256.0,,,,,,,2.0,min
meta-llama/Llama-2-7b-hf,nlp,20.2313968519975,vlp,False,True,CustomSoftmax,VLPSilu,,,,,,12.0,4.0,256.0,,,,,,,-8.0,min
meta-llama/Llama-2-7b-hf,nlp,10.13549409620972,vlp,False,True,CustomSoftmax,VLPSilu,,,,,,12.0,4.0,256.0,,,,,,,-7.0,min
meta-llama/Llama-2-7b-hf,nlp,6.728307804094508,vlp,False,True,CustomSoftmax,VLPSilu,,,,,,12.0,4.0,256.0,,,,,,,-6.0,min
meta-llama/Llama-2-7b-hf,nlp,6.047306491565903,vlp,False,True,CustomSoftmax,VLPSilu,,,,,,12.0,4.0,256.0,,,,,,,-5.0,min
meta-llama/Llama-2-7b-hf,nlp,5.909969097296728,vlp,False,True,CustomSoftmax,VLPSilu,,,,,,12.0,4.0,256.0,,,,,,,-4.0,min
meta-llama/Llama-2-7b-hf,nlp,6.105824808531096,vlp,False,True,CustomSoftmax,VLPSilu,,,,,,12.0,4.0,256.0,,,,,,,-3.0,min
meta-llama/Llama-2-7b-hf,nlp,14.658779189868113,vlp,False,True,CustomSoftmax,VLPSilu,,,,,,12.0,4.0,256.0,,,,,,,-2.0,min
meta-llama/Llama-2-7b-hf,nlp,419.18977583497514,vlp,False,True,CustomSoftmax,VLPSilu,,,,,,12.0,4.0,256.0,,,,,,,-1.0,min
meta-llama/Llama-2-7b-hf,nlp,,vlp,False,True,CustomSoftmax,VLPSilu,,,,,,12.0,4.0,256.0,,,,,,,0.0,min
meta-llama/Llama-2-7b-hf,nlp,,vlp,False,True,CustomSoftmax,VLPSilu,,,,,,12.0,4.0,256.0,,,,,,,1.0,min
meta-llama/Llama-2-7b-hf,nlp,62523.227581385836,vlp,False,True,CustomSoftmax,VLPSilu,,,,,,12.0,4.0,256.0,,,,,,,2.0,min
